'7.0', '122.0', '1.0'
'3.0', '202.0'
'3.0', '1.0', '57.0', '286.0'
'1.0', '688.0', '591.0'
'5.0', '17.0', '12.0'
'1.0', '4.0', '658.0'
'2.0', '23.0', '92.0', '8.0', '1.0', '716.0', '49.0', '176.0'
'151.0', '219.0', '1.0'
'2.0', '1.0', '344.0', '275.0', '2064.0', '734.0', '4.0', '169.0', '79.0', '221.0', '288.0', '228.0', '3.0', '15.0', '12.0', '31.0', '34.0', '50.0', '154.0', '11.0', '10.0', '67.0', '17.0'
'670.0', '6.0', '2.0', '1.0', '56.0', '15.0', '4.0', '12.0', '1769.0', '1861.0', '903.0', '37.0', '3400.0', '865.0', '200.0', '5.0', '382.0', '34.0', '27.0', '80.0', '443.0', '23.0', '150.0', '93.0', '670.0 73.762177', '637.0', '6.0 73.908994', '17.0'
'415.0', '322.0', '149.0', '2.0', '13.0', '3001.0', '295.0', '27.0', '1.0', '112.0', '56.0', '4.0', '3.0', '108.0', '415.0 85.041985', '322.0 85.165332', '322.0 84.905329'
'311.0', '16.0', '53.0', '10.0', '1.0', '31.0', '24.0', '855.0', '60.0', '1210.0', '5.0', '497.0', '236.0', '10.0 94.674778'
'147.0', '1.0', '77.0', '8.0', '350.0', '4.0', '64.0', '1402.0', '36.0', '11.0'
'15.0', '4.0', '6.0', '16.0', '451.0', '233.0', '157.0', '448.0', '39.0', '47.0', '3.0'
'6.0', '22.0', '214.0', '102.0', '6.0 133.009079', '6.0 133.052499', '6.0 133.021766', '6.0 132.450767', '6.0 132.233528', '22.0 133.040386'
'8.0', '1428.0'
'167.0',
'83.0',
[]
'2.0', '4.0'
'46.0', '36.0'
'3.0', '109.0', '60.0'
'85.0', '4.0'
'81.0', '89.0', '180.0', '1.0'
'273.0',
'3.0', '4.0', '90.0', '66.0', '36.0', '195.0', '10.0', '1.0', '75.0', '7.0', '383.0', '304.0', '30.0', '2.0', '14.0'
'5.0', '369.0', '87.0'
'998.0', '151.0', '4.0', '3.0', '304.0', '6.0', '2.0', '1.0', '87.0', '41.0', '148.0'
'327.0', '1.0'
'33.0', '2.0', '140.0', '19.0', '593.0', '1.0', '4.0', '3.0', '294.0', '22.0', '35.0', '7.0', '6.0', '29.0', '12.0', '78.0', '302.0', '116.0', '1097.0', '68.0', '8.0', '16.0', '51.0', '328.0', '15.0', '10.0'
'202.0', '5.0', '2.0', '27.0', '28.0', '349.0', '3.0', '565.0', '1.0', '268.0', '326.0', '30.0', '13.0'
'35.0', '40.0', '151.0', '1632.0', '13.0', '53.0', '1.0', '50.0', '134.0', '2910.0', '737.0', '24.0'
'31.0', '6.0', '38.0', '1696.0', '598.0', '129.0', '37.0', '143.0', '12.0', '6.0 286.764704', '6.0 286.76442', '130.0'
'7.0', '64.0', '757.0', '13.0', '35.0', '16.0', '96.0', '1.0', '164.0', '524.0', '13.0 294.680677', '78.0', '773.0', '757.0 295.076871', '6.0', '2.0', '19.0'
'758.0', '2.0', '3.0', '10.0', '36.0', '36.0 306.222855'
'11.0',
[]
[]
'8.0', '95.0', '89.0', '4.0'
'35.0', '1.0'
'563.0', '1.0'
'11.0', '398.0'
'67.0', '11.0'
'602.0', '4.0 377.742777', '4.0', '257.0'
'48.0', '1.0'
'2.0', '33.0', '4.0', '3.0', '1.0', '14.0'
'43.0', '111.0', '1.0'
'7.0', '327.0', '1.0', '484.0'
'5.0', '420.0', '73.0', '19.0', '9.0', '63.0', '1.0'
'1.0', '77.0', '7.0', '6.0', '3.0'
'1.0', '402.0', '139.0', '3.0', '79.0'
'38.0', '1.0', '63.0', '161.0', '28.0', '163.0', '1384.0'
'1.0', '2.0', '7.0'
'70.0', '311.0', '1.0', '6.0', '873.0', '8.0', '109.0', '595.0'
'58.0', '26.0', '295.0'
'234.0',
[]
'54.0', '1.0'
'41.0', '3.0', '1.0', '1.0 535.696456'
'1.0', '77.0'
'366.0', '388.0', '35.0', '3.0', '1.0'
'150.0', '710.0', '317.0', '22.0'
'17.0',
'1.0', '2.0', '19.0', '3.0', '15.0', '144.0', '93.0', '835.0', '176.0', '142.0'
'1.0', '130.0', '5.0', '70.0', '149.0', '56.0', '4.0', '37.0', '30.0', '227.0', '47.0', '30.0 573.515998', '3.0', '2.0'
'10.0', '80.0'
'3.0', '222.0', '15.0', '1.0', '5.0', '2.0', '1429.0', '13.0', '5.0 596.079234', '3.0 596.083043', '13.0 596.084363'
'3.0', '16.0', '12.0', '21.0', '18.0', '208.0', '159.0', '535.0', '4.0', '11.0', '1.0', '5.0', '24.0', '96.0', '14.0', '45.0', '324.0', '32.0', '2.0', '153.0', '15.0', '792.0', '612.0', '6.0', '556.0', '3.0 602.928707', '18.0 603.091326'
'3.0', '1.0', '8.0', '134.0', '8.0 617.406097', '5.0'
'1.0', '112.0', '5.0', '600.0', '1488.0', '159.0', '25.0', '18.0', '53.0', '1357.0', '435.0', '62.0', '90.0', '90.0 626.469031', '7.0', '62.0 626.472938', '3.0', '23.0'
'3.0', '38.0', '564.0', '1.0', '158.0', '1967.0', '21.0', '12.0', '70.0', '34.0', '14.0', '132.0', '6.0', '1967.0 638.052665', '1.0 638.026245'
'163.0', '3.0', '1.0', '654.0', '3.0 653.818682', '163.0 653.856604', '163.0 653.849052', '163.0 653.815894', '163.0 653.802537', '163.0 653.646196'
'338.0', '1.0', '12.0', '1.0 666.019559'
[]
[]
[]
'7.0', '307.0', '1.0'
'2.0', '1.0', '106.0'
'736.0', '1.0'
'76.0', '101.0', '860.0'
'1191.0', '102.0', '1.0', '9.0', '5.0', '41.0', '229.0', '16.0'
'24.0', '40.0', '1.0'
'7.0', '1.0', '59.0', '14.0', '12.0', '131.0', '11.0'
'955.0', '2.0', '154.0', '25.0'
'101.0', '54.0', '475.0', '39.0', '2.0', '117.0', '6.0', '196.0', '191.0', '1381.0', '1084.0', '1.0'
'7.0', '5.0', '748.0', '627.0', '21.0', '22.0', '7.0 773.520656', '450.0', '3.0', '26.0', '2.0'
'78.0', '906.0', '2.0', '16.0', '1125.0', '18.0'
'7.0', '3.0', '299.0', '1375.0', '80.0', '2478.0', '2.0', '1.0'
'7.0', '22.0', '5.0', '2.0', '191.0', '186.0', '210.0', '201.0', '227.0', '7.0 808.93079', '4.0', '22.0 808.822024', '114.0'
'6.0', '75.0', '22.0', '18.0', '59.0', '266.0', '2.0'
'24.0', '2.0', '341.0', '1277.0', '87.0', '5.0', '3.0', '1.0'
'2.0', '3.0'
'22.0', '72.0', '7.0', '7.0 853.687166', '22.0 854.007169'
'222.0', '5.0', '2.0'
[]
'5.0', '69.0', '14.0'
'9.0', '1.0', '14.0'
'1.0',
'2.0', '81.0', '9.0', '7.0', '8.0', '1.0', '21.0'
'1.0', '6.0', '364.0', '53.0'
'14.0', '53.0', '481.0', '11.0', '382.0', '18.0'
'1.0', '40.0', '4.0', '640.0', '65.0', '6.0', '5.0', '11.0', '8.0', '57.0', '46.0', '29.0', '214.0', '144.0', '11.0 930.228961', '1005.0'
'1.0', '3.0', '5.0', '454.0', '300.0', '173.0', '35.0', '12.0'
'1529.0', '633.0', '5.0', '130.0', '149.0', '82.0', '7.0'
'6.0', '146.0', '2.0', '12.0', '1.0', '33.0', '59.0', '41.0', '40.0', '8.0', '110.0', '4.0'
'2.0', '54.0', '285.0', '10.0', '241.0', '2.0 982.682343', '1.0'
'57.0', '6.0', '7.0', '36.0', '4.0', '20.0', '661.0', '17.0', '1567.0', '12.0', '25.0', '157.0', '1.0', '55.0', '8.0', '1567.0 991.941059', '5.0', '26.0', '7.0 994.749852', '6.0 994.214023', '41.0', '4.0 994.705722', '4.0 994.535907', '21.0', '1567.0 994.754617'
'1.0', '57.0', '325.0', '304.0'
'14.0', '2.0', '18.0', '9.0', '10.0', '1.0', '972.0', '2.0 1018.278353', '17.0', '13.0'
'14.0', '2.0', '7.0', '1.0', '263.0', '302.0', '26.0', '186.0', '43.0', '263.0 1031.309704', '14.0 1031.312367', '14.0 1031.307194'
[]
'1.0', '14.0'
[]
[]
'9.0', '52.0', '735.0', '41.0', '229.0'
'7.0', '5.0', '493.0', '161.0', '992.0', '1.0'
'74.0', '308.0', '10.0'
'241.0', '7.0', '141.0', '49.0', '2.0', '108.0', '100.0', '1.0'
'1.0', '4.0', '24.0', '11.0', '14.0'
'562.0', '398.0', '8.0', '7.0', '6.0', '42.0', '3.0', '14.0'
'1327.0', '668.0', '465.0', '27.0', '21.0', '85.0', '71.0', '67.0', '35.0', '23.0'
'11.0', '1.0', '82.0', '56.0', '34.0', '3.0', '550.0', '438.0', '26.0', '92.0', '90.0', '9.0', '81.0', '628.0', '61.0', '425.0', '23.0', '2080.0', '20.0', '18.0', '12.0', '1127.0', '100.0', '10.0'
'153.0', '26.0', '514.0', '10.0', '212.0'
'1.0', '48.0', '3.0', '24.0', '2.0', '19.0', '12.0', '6.0', '9.0', '20.0', '16.0', '116.0', '54.0', '286.0'
'1.0', '12.0', '342.0', '34.0'
'11.0', '1.0', '289.0', '56.0', '795.0', '420.0', '280.0', '26.0', '48.0', '3.0', '558.0'
'1.0', '63.0', '3.0', '22.0', '11.0', '341.0', '44.0', '154.0', '10.0', '31.0', '23.0', '250.0', '1381.0', '39.0', '16.0'
'52.0', '99.0', '1.0', '420.0', '24.0', '119.0', '85.0', '99.0 1198.542999', '9.0'
'2.0', '1292.0', '9.0', '38.0', '1.0', '64.0', '3.0', '130.0', '396.0'
'22.0', '73.0', '6.0'
'84.0', '74.0', '28.0', '181.0'
[]
[]
'11.0', '47.0', '55.0'
'851.0', '1.0'
'15.0', '1.0', '87.0', '3.0'
'1.0', '25.0'
'10.0', '142.0', '132.0', '1.0'
'6.0', '241.0', '1547.0', '15.0', '100.0'
'1.0', '270.0', '21.0', '8.0', '7.0'
'2.0', '10.0', '1.0', '93.0'
'1.0', '11.0', '559.0', '3.0', '17.0'
'1.0', '22.0', '210.0', '2.0', '3.0', '19.0', '125.0'
'830.0', '1.0'
'17.0', '1.0 1346.364823', '1.0'
'2.0', '104.0', '253.0', '22.0', '21.0', '13.0', '11.0', '319.0'
'1.0', '555.0', '2.0', '59.0', '31.0'
'55.0', '1.0', '138.0', '9.0', '2.0', '47.0', '76.0', '31.0'
'61.0', '1003.0', '41.0', '61.0 1392.979192', '4.0'
[]
[]
[]
'13.0', '217.0', '185.0', '415.0', '94.0', '89.0', '1232.0', '139.0', '401.0', '16.0', '6.0', '270.0', '9.0', '377.0', '269.0', '182.0', '1.0', '67.0', '485.0', '350.0', '169.0', '1689.0'
'16.0', '101.0', '13.0', '571.0', '43.0', '58.0', '6.0', '222.0', '89.0', '2.0', '334.0', '17.0', '97.0', '9.0', '571.0 1454.926545', '51.0', '314.0', '101.0 1454.927475'
'16.0', '317.0', '185.0', '1686.0', '13.0', '276.0', '503.0', '217.0', '56.0', '270.0', '94.0', '39.0', '89.0', '720.0', '26.0', '54.0', '67.0', '6.0', '16.0 1476.536004', '317.0 1476.609199', '317.0 1476.0369', '317.0 1475.966688', '276.0 1476.581584', '192.0', '185.0 1476.560148', '185.0 1475.68229', '16.0 1476.547395', '13.0 1476.527542'
'6.0', '16.0', '39.0', '40.0', '13.0', '216.0', '17.0', '7.0', '43.0', '26.0', '54.0', '177.0', '93.0', '62.0', '532.0', '101.0', '12.0', '58.0', '19.0', '18.0', '28.0', '297.0', '201.0', '66.0', '51.0', '235.0', '10.0', '42.0', '104.0', '34.0', '23.0', '139.0', '2360.0', '63.0', '524.0', '270.0', '142.0', '76.0', '46.0', '2804.0', '2207.0', '138.0', '56.0', '1476.0', '120.0', '77.0', '6151.0', '290.0', '273.0', '140.0', '91.0', '74.0', '685.0', '423.0', '292.0', '214.0', '185.0', '1384.0', '1360.0', '134.0', '131.0', '1300.0', '108.0', '928.0', '717.0', '597.0', '33.0', '250.0', '217.0', '1122.0', '1084.0', '715.0', '67.0', '662.0', '5.0', '47.0', '445.0', '233.0', '141.0', '1.0'
'13.0', '6.0', '19.0', '16.0', '216.0', '7.0', '10.0', '43.0', '26.0', '3179.0', '62.0', '455.0', '28.0', '12.0', '77.0', '304.0', '234.0', '177.0', '40.0', '916.0', '579.0', '134.0', '317.0', '17.0', '1193.0', '217.0', '18.0', '769.0', '23.0', '20.0', '165.0', '101.0', '959.0', '403.0', '401.0', '746.0', '63.0', '222.0', '160.0', '8.0', '76.0', '54.0', '433.0', '109.0', '42.0', '399.0', '388.0', '314.0', '169.0', '1260.0', '87.0', '521.0', '51.0', '47.0', '425.0', '279.0', '172.0', '86.0', '66.0', '58.0', '398.0', '34.0', '271.0', '22.0', '186.0', '1398.0', '88.0', '614.0', '511.0', '3.0', '290.0', '157.0', '133.0', '108.0', '1.0', '92.0', '916.0 1488.502286', '53.0', '392.0', '3562.0', '326.0', '298.0', '216.0 1488.488393', '17.0 1488.484984', '140.0', '115.0', '11.0'
'6.0', '16.0', '74.0', '39.0', '13.0', '1116.0', '89.0', '12.0', '40.0', '10.0', '110.0', '54.0', '76.0', '895.0', '94.0', '314.0', '104.0', '403.0', '23.0', '1686.0', '165.0', '19.0', '43.0', '56.0', '940.0', '339.0', '28.0', '2462.0', '405.0', '243.0', '150.0', '26.0', '17.0', '92.0', '902.0', '381.0', '863.0', '619.0', '51.0', '462.0', '31.0', '300.0', '20.0', '161.0', '892.0', '58.0', '444.0', '34.0', '278.0', '7.0', '63.0', '423.0', '2.0', '146.0', '1085.0', '108.0'
'13.0', '17.0', '11.0', '6.0', '1.0', '164.0', '297.0', '31.0', '18.0', '109.0', '10.0', '16.0', '3.0', '65.0', '51.0', '159.0', '115.0', '74.0', '14.0', '129.0', '373.0', '48.0', '46.0', '1160.0', '47.0', '39.0', '355.0', '287.0', '1038.0', '7.0', '68.0', '43.0', '278.0', '23.0', '169.0', '1227.0', '119.0', '4.0', '270.0', '2.0', '42.0', '40.0', '344.0', '260.0', '93.0', '63.0', '295.0', '28.0', '2440.0', '243.0', '171.0', '12.0', '117.0', '89.0', '54.0', '1780.0', '1056.0', '279.0', '78.0', '671.0', '5.0', '471.0', '285.0', '2264.0', '22.0', '213.0', '206.0', '20.0', '175.0', '1673.0', '167.0', '118.0', '2384.0', '214.0', '176.0', '132.0', '85.0', '8.0', '665.0', '51.0 1500.339957', '436.0', '30.0', '274.0', '265.0', '25.0', '233.0', '1861.0', '164.0 1500.337554', '143.0', '122.0', '103.0'
'1.0', '2.0', '3.0', '5.0', '6.0', '12.0', '69.0', '11.0', '41.0', '4.0', '16.0', '673.0', '13.0', '18.0', '45.0', '143.0', '17.0', '7.0', '52.0', '23.0', '93.0', '51.0', '873.0', '520.0', '21.0', '15.0', '103.0', '141.0', '75.0', '65.0', '413.0', '794.0', '76.0', '499.0', '43.0', '165.0', '557.0', '44.0', '220.0', '161.0', '10.0', '89.0', '331.0', '20.0', '185.0', '184.0', '177.0', '120.0', '40.0', '397.0', '313.0', '2308.0', '133.0', '87.0', '789.0', '527.0', '305.0', '175.0', '125.0', '80.0', '8.0', '558.0', '35.0', '1696.0', '138.0', '97.0', '82.0', '344.0', '291.0', '27.0', '222.0', '131.0', '106.0'
'33.0', '31.0', '21.0', '3.0', '98.0', '24.0', '738.0', '13.0', '20.0', '298.0', '274.0', '169.0', '5.0', '40.0', '180.0', '8.0', '2.0', '146.0', '63.0', '19.0', '12.0', '7.0', '31.0 1515.955192', '26.0', '21.0 1515.939486'
'3.0', '92.0', '12.0', '5.0', '141.0', '287.0', '613.0', '2.0', '1.0', '11.0', '3537.0', '249.0', '230.0', '8.0', '1041.0', '6.0', '34.0', '235.0', '120.0', '4.0', '18.0'
'3.0', '1.0', '95.0', '31.0', '84.0', '5.0', '67.0', '1375.0', '233.0', '478.0', '2.0', '139.0', '17.0', '279.0', '1841.0', '23.0', '124.0', '1056.0', '48.0', '140.0', '347.0', '10.0'
'185.0', '11.0', '3.0', '1.0', '12.0', '33.0', '16.0', '46.0', '14.0', '411.0', '519.0', '8.0', '142.0', '49.0', '17.0', '47.0', '234.0', '4.0', '185.0 1544.082582', '185.0 1543.855445', '16.0 1544.032559', '13.0'
'57.0', '72.0', '782.0', '40.0', '19.0', '3.0', '1048.0', '1.0', '43.0', '132.0', '1227.0', '54.0', '57.0 1554.334591', '57.0 1554.203807', '57.0 1552.676002', '72.0 1554.3709', '57.0 1554.354371', '201.0'
'1285.0', '3.0', '211.0', '1.0', '87.0', '115.0', '46.0', '107.0', '8.0', '503.0', '42.0', '68.0', '894.0', '24.0', '1285.0 1571.372795', '1080.0'
'3.0', '57.0', '46.0', '90.0', '128.0', '298.0', '227.0', '990.0', '1357.0', '128.0 1586.380341', '90.0 1586.75084', '9.0', '57.0 1586.702657', '46.0 1586.707993', '3.0 1586.748709', '3.0 1586.526565', '298.0 1586.365887'
'978.0', '1.0', '560.0', '36.0', '55.0', '978.0 1599.063595', '54.0', '978.0 1599.061209', '978.0 1598.906457', '560.0 1599.234116', '560.0 1599.095637'
'17.0',
'2200.0', '2.0', '436.0'
[]
'3.0', '78.0', '7.0', '2.0'
'11.0', '3.0', '1.0', '5.0', '2.0', '12.0'
'960.0', '249.0', '6.0', '182.0'
'1.0', '7.0', '77.0', '123.0', '28.0', '463.0', '4.0', '225.0', '14.0', '99.0', '784.0', '589.0', '141.0', '1058.0', '81.0 1675.125494', '81.0', '73.0', '56.0', '50.0', '445.0', '25.0', '202.0', '2.0', '130.0', '1.0 1674.898045'
'1.0', '119.0', '5.0', '87.0', '52.0', '9.0', '20.0', '7.0', '2.0', '170.0', '225.0', '11.0', '923.0', '557.0', '48.0', '45.0', '418.0', '13.0'
'7.0', '9.0', '1.0', '27.0', '33.0', '13.0', '434.0', '1230.0', '69.0', '549.0', '5.0', '264.0'
'1.0', '2.0', '27.0', '13.0', '5.0', '112.0', '7.0', '203.0', '12.0', '288.0', '404.0', '33.0', '179.0', '54.0', '20.0', '97.0', '62.0', '25.0', '72.0', '35.0', '3464.0', '241.0', '156.0', '14.0', '762.0', '119.0', '272.0', '11.0', '1041.0', '80.0', '6.0', '363.0', '206.0', '130.0', '922.0', '66.0', '433.0', '32.0', '210.0', '2.0 1694.266689', '12.0 1693.972144'
'13.0', '1.0', '81.0', '3.0', '146.0', '7.0', '5.0', '2.0', '29.0', '59.0', '214.0', '35.0', '141.0', '55.0', '26.0', '12.0', '171.0', '219.0', '9.0', '51.0', '24.0', '908.0', '34.0', '17.0', '11.0', '153.0', '577.0', '526.0', '649.0', '61.0', '54.0', '466.0', '68.0', '348.0', '540.0', '37.0', '20.0', '916.0', '4.0', '28.0', '105.0', '81.0 1701.275212', '67.0', '5.0 1701.250478', '41.0', '29.0 1701.270725', '184.0', '112.0'
'28.0', '77.0', '6.0', '357.0', '152.0', '469.0', '346.0', '36.0', '35.0', '9.0', '48.0', '22.0', '4.0', '28.0 1724.496002', '28.0 1724.471757', '28.0 1723.03468', '77.0 1723.742428', '77.0 1722.791961', '6.0 1723.743444', '357.0 1724.55785', '28.0 1724.556449', '28.0 1724.249579', '14.0'
'29.0', '13.0', '2.0', '1.0', '544.0', '8.0', '3.0', '4.0', '3670.0', '91.0', '640.0', '5.0', '25.0', '119.0', '9.0', '14.0', '11.0', '46.0', '88.0', '360.0', '35.0', '45.0', '309.0', '26.0', '465.0', '16.0', '10.0', '875.0', '86.0', '82.0', '474.0', '24.0', '157.0', '1154.0', '57.0', '47.0', '2.0 1729.91159', '132.0'
'28.0', '2.0', '5.0', '254.0', '106.0', '12.0', '8.0', '35.0', '75.0', '28.0 1745.991878', '119.0', '28.0 1746.358703', '28.0 1746.267674', '28.0 1746.062871', '254.0 1746.34225', '24.0', '19.0', '1439.0'
'6.0', '20.0', '219.0', '1447.0', '170.0', '11.0', '2.0', '951.0', '64.0', '6.0 1760.592002', '6.0 1760.363495', '6.0 1760.187791', '6.0 1759.999522', '6.0 1758.907177', '219.0 1759.591319', '13.0'
'5.0', '60.0', '93.0', '745.0', '12.0', '2.0', '296.0', '9.0', '745.0 1774.761682', '60.0 1774.366784', '233.0', '745.0 1774.963389', '60.0 1774.76112', '5.0 1775.22935', '5.0 1775.205831'
'2.0', '41.0', '5.0', '28.0', '7.0', '2.0 1788.371964', '5.0 1788.378543', '41.0 1788.370841', '41.0 1788.207668', '2.0 1788.179159'
'2.0',
'117.0', '5.0', '57.0', '28.0'
[]
[]
[]
'1.0', '24.0', '190.0', '14.0'
'4.0', '83.0', '10.0', '5.0', '12.0'
'2.0', '4.0', '97.0', '9.0', '4.0 1872.704718', '264.0', '1.0'
'70.0', '4.0', '2.0'
'1.0', '9.0', '80.0', '98.0', '197.0'
'272.0', '30.0', '118.0', '15.0', '3.0'
'4.0', '9.0', '24.0', '2.0', '1.0', '3.0', '16.0'
'2.0', '11.0', '1.0', '637.0', '96.0', '53.0'
'2.0', '65.0', '49.0', '12.0', '1.0', '81.0', '316.0', '167.0'
'241.0', '120.0', '10.0', '8.0', '67.0', '525.0', '2.0', '816.0', '140.0', '110.0'
'61.0', '2.0', '54.0', '93.0', '46.0', '707.0', '101.0'
'2.0', '15.0', '4.0', '112.0', '1.0', '144.0', '195.0', '277.0'
'2714.0', '749.0', '44.0', '45.0', '1.0', '93.0', '9.0', '30.0', '112.0', '62.0', '197.0', '122.0', '541.0', '305.0', '3.0', '55.0', '361.0'
'72.0', '2.0', '18.0', '8.0', '10.0', '1.0', '40.0', '2807.0'
'999.0', '4.0', '1.0', '18.0', '2.0', '42.0', '412.0', '100.0'
'3.0', '24.0', '209.0'
[]
[]
[]
'13.0', '80.0'
'6.0', '50.0', '393.0', '1.0'
'804.0', '5.0', '127.0'
'106.0', '78.0', '30.0', '3.0', '17.0', '1.0', '74.0', '49.0', '24.0'
'1.0', '5.0', '2.0'
'3.0', '2.0', '11.0', '56.0', '139.0', '800.0', '273.0', '1.0'
'2.0', '6.0', '40.0', '200.0', '61.0', '551.0', '5.0', '461.0', '305.0', '168.0'
'6.0', '33.0', '98.0', '9.0', '329.0'
'437.0', '159.0', '1.0', '3.0', '5.0', '323.0', '110.0', '40.0', '2.0'
'3.0', '1.0', '4.0', '15.0', '6.0', '51.0', '5.0', '22.0'
'650.0', '5.0', '185.0', '2.0', '302.0', '278.0', '3.0', '185.0 2118.379572', '1.0'
'1.0', '6.0', '11.0', '53.0', '5.0', '1396.0', '234.0', '25.0'
'2.0', '5.0', '1.0', '3.0', '7.0', '296.0', '205.0', '21.0'
'3.0', '14.0', '1.0', '252.0', '4.0', '20.0', '11.0', '308.0', '1214.0', '1.0 2155.378013'
'2.0', '4.0', '90.0', '5.0', '890.0', '19.0', '3.0', '11.0', '1.0', '24.0', '21.0', '12.0'
'2.0', '1.0', '271.0', '829.0', '3.0', '2.0 2179.367975'
'1.0', '2.0', '23.0'
'212.0',
[]
'539.0', '188.0', '1.0'
'10.0', '5.0', '45.0', '194.0'
'31.0', '83.0', '53.0', '311.0', '58.0', '24.0'
'15.0', '2361.0', '2.0', '11.0'
'5.0', '17.0', '357.0', '27.0'
'45.0', '8.0', '43.0', '13.0'
'238.0', '4.0', '23.0', '12.0', '9.0', '64.0', '38.0', '335.0', '185.0'
'1.0', '35.0', '657.0', '15.0', '67.0', '808.0', '674.0', '539.0', '4.0', '2.0', '126.0', '118.0', '81.0', '763.0', '3.0', '267.0', '198.0'
'107.0', '102.0', '48.0', '854.0', '53.0', '31.0'
'2.0', '3.0', '575.0', '14.0', '4.0', '10.0', '1.0', '6.0', '44.0', '349.0', '330.0', '293.0', '11.0', '8.0', '51.0', '49.0', '29.0'
'821.0', '39.0', '215.0', '2.0', '1.0'
'190.0', '15.0'
'115.0', '15.0', '10.0'
'170.0', '1673.0', '7.0', '331.0', '1.0', '44.0', '10.0', '51.0', '30.0', '4.0', '2.0', '104.0'
'7.0',
'1.0',
[]
[]
[]
'3204.0', '1.0', '76.0', '694.0', '47.0', '40.0'
'136.0', '4.0', '2.0', '1.0'
'683.0', '3.0', '163.0', '135.0', '89.0', '1173.0'
'6.0', '5.0', '27.0', '2.0', '85.0'
'9.0', '337.0'
'2.0', '76.0', '57.0', '2716.0'
'2.0', '152.0', '4.0', '1.0'
'734.0', '3.0', '1.0', '4.0', '34.0'
'74.0', '25.0', '69.0', '3.0', '4.0', '903.0', '571.0', '6.0', '38.0'
'1.0', '20.0', '41.0', '133.0', '1319.0', '38.0', '2.0', '6.0'
'109.0', '3.0', '2.0', '38.0', '306.0', '1.0', '5.0', '88.0', '571.0'
'10.0', '37.0', '5.0', '86.0', '1.0', '61.0', '18.0', '16.0', '4.0', '94.0', '9.0', '675.0', '466.0'
'450.0', '6.0', '1.0', '1316.0', '361.0', '911.0', '4.0', '29.0', '42.0', '363.0'
'1.0', '4.0', '38.0', '53.0', '137.0', '62.0', '6.0'
'872.0', '123.0', '43.0', '124.0', '374.0', '12.0', '1.0', '173.0', '10.0'
'2.0', '6.0', '597.0', '2.0 2527.516064'
'74.0',
[]
[]
'77.0', '42.0', '23.0', '44.0', '1098.0', '320.0', '111.0', '76.0', '529.0', '53.0', '513.0', '21.0', '695.0', '16.0', '1.0', '635.0', '5.0', '185.0', '4.0', '286.0', '25.0', '77.0 2576.580419', '550.0', '48.0', '2124.0', '11.0'
'23.0', '21.0', '118.0', '77.0', '42.0', '798.0', '44.0', '40.0', '141.0', '384.0', '275.0', '976.0', '273.0', '200.0', '73.0', '63.0', '850.0', '286.0', '16.0', '1.0', '53.0', '11.0', '99.0', '55.0', '135.0', '118.0 2599.012901', '296.0', '23.0 2599.108181', '23.0 2599.054574', '21.0 2599.041282', '200.0 2599.033342', '2.0', '118.0 2599.095897', '114.0'
'21.0', '44.0', '77.0', '51.0', '23.0', '344.0', '261.0', '109.0', '960.0', '11.0', '87.0', '40.0', '1.0', '320.0', '1627.0', '4.0', '16.0', '88.0', '86.0', '77.0 2620.607717', '59.0', '526.0', '52.0', '51.0 2620.131931', '44.0 2620.5562', '44.0 2620.554455', '44.0 2620.140862', '344.0 2620.559276', '23.0 2620.579172', '21.0 2620.600532', '21.0 2620.572649', '21.0 2620.548921', '109.0 2620.567421'
'1.0', '4.0', '3.0', '16.0', '62.0', '11.0', '23.0', '77.0', '6.0', '43.0', '21.0', '88.0', '7.0', '783.0', '73.0', '28.0', '79.0', '44.0', '3192.0', '238.0', '33.0', '163.0', '42.0', '384.0', '350.0', '161.0', '141.0', '10.0', '109.0', '111.0', '87.0', '59.0', '441.0', '258.0', '53.0', '5.0', '307.0', '248.0', '779.0', '66.0', '64.0', '55.0', '47.0', '117.0', '89.0', '872.0', '50.0', '114.0', '8.0', '75.0', '689.0', '40.0', '188.0', '287.0', '275.0', '1623.0', '1399.0', '127.0', '99.0', '893.0', '781.0', '61.0', '477.0', '338.0', '281.0', '220.0', '22.0', '164.0', '1495.0', '133.0', '90.0', '69.0', '60.0', '540.0', '380.0', '26.0', '239.0', '1269.0', '708.0', '56.0', '52.0', '519.0', '45.0', '39.0', '307.0 2625.978926', '265.0', '18.0', '1758.0', '169.0', '1175.0', '86.0', '66.0 2625.983284', '527.0', '508.0', '419.0', '407.0', '36.0', '32.0', '247.0', '197.0', '1936.0', '135.0', '10.0 2625.993769'
'1.0', '4.0', '11.0', '3.0', '7.0', '6.0', '21.0', '8.0', '50.0', '78.0', '111.0', '60.0', '42.0', '76.0', '65.0', '284.0', '23.0', '63.0', '61.0', '75.0', '55.0', '280.0', '164.0', '10.0', '235.0', '53.0', '323.0', '16.0', '1026.0', '718.0', '281.0', '197.0', '194.0', '77.0', '307.0', '160.0', '88.0', '705.0', '62.0', '159.0', '141.0', '702.0', '635.0', '17.0', '1571.0', '79.0', '36.0', '233.0', '203.0', '158.0', '139.0', '64.0', '52.0', '445.0', '384.0', '3550.0', '33.0', '325.0', '255.0', '239.0', '181.0', '1516.0', '135.0', '114.0', '61.0 2631.760334', '535.0', '47.0', '46.0', '434.0', '40.0', '32.0', '284.0 2631.762515', '121.0', '116.0', '101.0', '1.0 2631.949747'
'1.0', '4.0', '21.0', '51.0', '7.0', '344.0', '79.0', '43.0', '11.0', '16.0', '23.0', '111.0', '44.0', '6.0', '3.0', '369.0', '42.0', '40.0', '356.0', '197.0', '86.0', '77.0', '8.0', '760.0', '694.0', '69.0', '559.0', '121.0', '55.0', '513.0', '49.0', '144.0', '53.0', '26.0', '75.0', '17.0', '141.0', '50.0', '440.0', '7.0 2640.424021', '344.0 2640.358841', '33.0', '266.0', '237.0', '180.0', '116.0', '114.0', '111.0 2640.387745', '1009.0', '10.0'
'1.0', '4.0', '7.0', '3.0', '6.0', '11.0', '18.0', '413.0', '87.0', '2.0', '60.0', '28.0', '10.0', '108.0', '351.0', '15.0', '163.0', '159.0', '5.0', '491.0', '33.0', '365.0', '3579.0', '131.0', '36.0', '320.0', '89.0', '827.0', '287.0', '254.0', '23.0', '112.0', '850.0', '16.0', '9.0', '897.0', '47.0', '29.0', '280.0', '144.0', '1341.0', '113.0', '92.0', '457.0', '19.0', '139.0', '109.0', '8.0', '591.0', '56.0', '49.0', '454.0', '42.0', '39.0', '30.0', '268.0', '194.0', '17.0', '555.0', '46.0', '116.0', '1079.0', '83.0', '79.0', '729.0', '54.0', '53.0', '52.0', '465.0', '44.0', '385.0', '684.0', '489.0', '476.0', '232.0', '1438.0', '86.0', '508.0', '26.0', '242.0', '24.0', '228.0', '203.0', '1967.0', '119.0', '1182.0'
'1.0', '6.0', '608.0', '4.0', '7.0', '3.0', '10.0', '73.0', '79.0', '31.0', '892.0', '36.0', '183.0', '249.0', '86.0', '19.0', '18.0', '39.0', '855.0', '40.0', '141.0', '49.0', '1053.0', '98.0', '892.0 2654.753433', '53.0', '423.0', '961.0', '79.0 2654.787537', '79.0 2654.559303', '73.0 2654.75751', '7.0 2654.383985', '602.0', '566.0', '39.0 2654.776699', '298.0', '281.0', '16.0', '140.0', '1.0 2654.773391'
'1.0', '1239.0', '51.0', '32.0', '6.0', '90.0', '742.0', '18.0', '3.0', '179.0', '35.0', '157.0', '16.0', '251.0', '13.0', '4.0', '1558.0', '23.0', '334.0', '73.0', '6.0 2665.109114', '36.0', '22.0', '1.0 2664.896533'
'1.0', '6.0', '2.0', '1483.0', '7.0', '92.0', '4.0', '255.0', '21.0', '119.0', '32.0', '3.0', '161.0', '40.0', '8.0', '24.0', '22.0', '1061.0', '94.0', '30.0', '27.0', '117.0', '73.0', '442.0', '496.0', '710.0', '7.0 2671.156285', '62.0', '41.0', '247.0', '15.0'
'3.0', '76.0', '5.0', '783.0', '26.0', '40.0', '4.0', '1.0', '261.0', '11.0', '16.0', '2.0', '334.0', '1058.0', '4896.0', '64.0', '56.0', '8.0', '870.0', '27.0', '7.0', '305.0', '81.0', '85.0', '643.0', '267.0', '153.0', '128.0', '6.0', '18.0', '76.0 2679.205385', '76.0 2678.965491', '73.0', '643.0 2679.156324', '51.0', '3.0 2678.352262', '290.0', '261.0 2679.17676', '218.0', '159.0', '139.0', '1255.0'
'1.0', '9.0', '2.0', '4.0', '6.0', '5.0', '3.0', '559.0', '30.0', '468.0', '16.0', '1231.0', '37.0', '12.0', '69.0', '336.0', '1974.0', '44.0', '58.0', '723.0', '57.0', '47.0', '353.0', '32.0', '21.0', '7.0', '4.0 2684.228525', '158.0', '14.0'
'1438.0', '1.0', '25.0', '329.0', '3.0', '79.0', '6.0', '243.0', '49.0', '208.0', '1.0 2684.512013', '21.0', '11.0', '53.0', '75.0', '34.0', '18.0', '167.0', '1160.0', '8.0', '66.0', '30.0', '16.0', '2.0', '516.0', '19.0', '72.0', '2249.0', '121.0', '117.0', '95.0', '904.0', '595.0', '37.0', '192.0', '15.0', '1438.0 2692.064587', '1160.0 2691.732178', '1.0 2691.364473'
'69.0', '7.0', '1183.0', '2302.0', '77.0', '58.0', '160.0', '303.0', '41.0', '1.0', '13.0', '87.0', '170.0', '150.0', '184.0', '77.0 2707.06875', '7.0 2707.111086', '7.0 2706.889346', '638.0', '182.0', '1.0 2707.06717'
'6.0', '2.0', '1.0', '768.0', '22.0', '15.0', '18.0', '710.0', '10.0', '4.0', '251.0', '54.0', '8.0', '309.0', '46.0', '100.0', '710.0 2714.703475', '6.0 2715.202904', '6.0 2715.170408', '33.0', '223.0', '131.0', '1.0 2715.21116', '1.0 2714.341205'
'4.0', '3.0'
'6.0', '13.0', '1.0'
[]
[]
'25.0', '736.0', '216.0', '2.0'
'3.0', '1448.0', '421.0', '5.0', '17.0', '34.0', '29.0', '21.0', '185.0', '1.0'
'6.0', '4.0', '1.0', '857.0', '259.0', '15.0'
'26.0', '282.0', '3.0', '22.0', '207.0', '2.0', '11.0', '10.0'
'1.0', '983.0', '2.0', '1259.0'
'969.0', '6.0', '1.0', '442.0', '3.0', '124.0'
'28.0', '2.0', '21.0', '78.0'
'1.0', '49.0', '144.0', '13.0', '479.0', '25.0'
'39.0', '4.0', '403.0', '3.0', '10.0', '1.0', '6.0', '286.0'
'224.0', '10.0', '2600.0', '579.0', '30.0', '239.0'
'4.0', '210.0', '1.0', '56.0', '3.0', '11.0'
'2.0', '4.0', '1.0', '22.0', '32.0', '27.0', '11.0'
'1188.0', '21.0', '45.0', '134.0', '1.0', '1260.0', '417.0', '3606.0', '182.0', '97.0', '9.0', '8.0', '723.0', '2.0', '182.0 2875.717389', '134.0 2875.603369', '11.0'
'4.0', '3.0', '5.0', '2.0', '1.0'
'525.0', '56.0', '6.0', '12.0', '1.0', '3689.0', '10.0'
'31.0', '149.0', '1.0', '93.0'
'1.0', '1018.0'
'1.0',
'1.0',
[]
'2.0', '1.0', '108.0'
'37.0',
'548.0', '2.0', '1.0'
'44.0',
'698.0',
'1.0', '72.0', '2.0', '212.0', '8.0', '54.0', '450.0', '4.0', '3.0', '100.0'
'1.0', '125.0', '2.0', '14.0', '878.0', '19.0', '13.0', '116.0', '16.0', '8.0', '75.0', '51.0', '7.0', '161.0', '96.0', '82.0', '81.0', '105.0', '989.0', '87.0', '83.0', '358.0', '3.0', '26.0', '24.0', '69.0', '5.0 2990.966837', '5.0', '264.0', '26.0 2991.086201', '20.0', '11.0', '1020.0'
'69.0', '130.0', '49.0', '24.0'
'2.0', '15.0', '6.0', '1.0', '183.0', '47.0', '9.0', '7.0', '202.0', '68.0', '50.0', '574.0', '341.0', '82.0', '18.0', '473.0', '435.0', '20.0', '13.0', '35.0', '257.0', '16.0', '718.0', '3.0', '182.0', '76.0', '34.0', '28.0', '6.0 3002.107674', '21.0', '11.0'
'1.0', '2.0', '13.0', '5.0', '15.0', '118.0', '117.0', '110.0', '22.0', '6.0', '50.0', '10.0', '499.0', '291.0'
'1.0', '6.0', '40.0', '375.0', '5.0', '44.0', '100.0', '10.0', '19.0', '15.0', '69.0', '3.0', '7.0', '486.0', '35.0', '151.0', '133.0', '765.0', '57.0', '46.0', '4.0', '398.0', '332.0', '21.0', '16.0', '1.0 3014.538825'
'171.0', '2.0', '32.0', '715.0', '26.0', '5.0', '44.0', '6.0', '1.0', '14.0', '81.0', '20.0', '8.0'
'113.0', '1215.0', '253.0', '11.0', '1077.0', '240.0', '81.0', '61.0', '121.0', '471.0', '9.0', '46.0', '6.0', '1.0', '38.0', '253.0 3032.618685', '208.0', '172.0', '1077.0 3032.581152'
'40.0', '297.0', '5.0', '6.0', '43.0', '5.0 3046.19958', '297.0 3046.488187'
'12.0', '1.0', '737.0', '36.0', '2.0'
'21.0', '57.0', '57.0 3068.097908', '49.0'
'1.0',
[]
'9.0', '84.0', '140.0'
'57.0', '2265.0'
'90.0', '69.0', '105.0'
'20.0', '2.0', '4.0', '1.0'
[]
'1.0', '292.0'
'1.0', '3.0', '4.0', '2.0', '7.0', '63.0', '5.0', '201.0', '176.0', '12.0', '59.0', '57.0', '284.0', '27.0', '26.0', '154.0', '34.0', '31.0', '22.0', '209.0', '200.0', '167.0', '13.0', '92.0', '6328.0', '6.0', '291.0', '19.0', '179.0', '116.0', '101.0', '10.0', '90.0', '9.0', '8.0', '794.0', '75.0', '58.0', '51.0', '50.0', '497.0', '448.0', '359.0', '285.0', '267.0', '202.0', '200.0 3135.520093', '1461.0'
[]
'659.0', '95.0', '22.0'
'6.0', '220.0', '3.0', '288.0', '13.0', '109.0', '5.0', '1284.0', '1.0', '8.0', '36.0', '224.0', '301.0', '36.0 3159.749974', '25.0', '19.0', '1364.0'
'2.0', '339.0', '255.0', '6.0', '33.0'
'2.0', '63.0', '9.0', '442.0', '381.0', '82.0', '403.0', '13.0', '8.0', '24.0', '10.0', '1.0', '672.0', '381.0 3176.114991', '28.0', '111.0', '381.0 3176.22827', '381.0 3176.11605', '381.0 3175.723022', '197.0'
'2.0', '19.0', '17.0', '130.0', '90.0', '93.0', '39.0', '50.0', '21.0', '2.0 3184.845029', '11.0', '1.0'
'135.0', '2.0', '6.0', '189.0', '2.0 3202.737026', '135.0 3202.751188', '135.0 3202.742995', '135.0 3202.660497', '135.0 3202.628116', '135.0 3202.414876'
[]
'13.0', '2.0', '13.0 3226.877241'
'17.0', '1.0'
'2.0',
[]
'8.0', '1.0'
'332.0', '1214.0', '1.0'
'42.0', '107.0', '87.0', '1.0'
'1.0', '28.0', '136.0'
'787.0', '3.0', '1125.0'
'206.0', '118.0'
'5.0',
'1110.0', '1.0', '161.0'
'495.0', '4.0', '17.0', '200.0', '1.0', '75.0', '65.0', '37.0', '21.0'
'1.0', '3.0', '696.0', '17.0', '40.0', '9.0', '23.0', '8.0', '49.0', '38.0', '2.0', '157.0', '178.0', '297.0', '6.0', '1454.0', '487.0', '31.0', '1898.0', '14.0', '56.0', '5.0', '295.0', '256.0', '19.0', '175.0', '782.0', '30.0', '26.0', '4.0', '17.0 3331.595228', '119.0'
'1.0', '3.0', '207.0', '7.0', '4.0', '49.0', '1560.0', '657.0', '64.0', '2.0', '11.0', '55.0', '59.0', '193.0', '74.0', '640.0', '376.0', '317.0', '209.0', '167.0', '520.0', '40.0', '8.0', '39.0', '28.0', '14.0', '328.0', '2666.0', '91.0', '172.0', '115.0', '104.0', '67.0', '6.0', '32.0', '585.0', '3.0 3335.011683', '27.0', '1664.0', '144.0', '125.0', '11.0 3334.884455', '10.0'
'71.0', '29.0', '3.0', '2.0', '540.0', '5.0', '174.0', '1.0', '52.0', '7.0', '3.0 3352.275514', '71.0 3353.381966', '36.0', '3.0 3353.609071', '196.0'
'196.0', '1.0', '1191.0', '286.0', '2.0', '10.0', '49.0', '21.0', '9.0', '80.0', '53.0', '17.0', '119.0', '435.0', '3083.0', '9.0 3363.866818', '49.0 3363.854249', '196.0 3363.854947', '1.0 3363.695133'
'3.0', '4.0', '1.0', '33.0', '257.0', '14.0', '21.0', '557.0', '24.0', '2.0', '22.0', '3.0 3382.867888', '3.0 3382.856997', '3.0 3382.801834', '14.0 3382.858217', '1.0 3382.849986', '1.0 3382.828828'
'9.0', '82.0', '85.0', '3913.0', '374.0', '111.0', '83.0', '284.0', '62.0', '36.0', '1.0', '88.0', '85.0 3394.366062', '30.0', '111.0 3394.336435'
'17.0', '64.0', '174.0', '144.0'
'147.0', '3.0', '2.0', '49.0', '16.0'
'4.0',
'2.0',
'1.0', '76.0', '11.0', '32.0'
'32.0', '32.0 3457.745927', '238.0', '1116.0', '10.0'
'1.0', '2.0', '7.0', '5.0'
'28.0', '174.0'
'12.0', '61.0', '52.0', '238.0'
'332.0', '277.0', '184.0'
'9.0', '7.0', '5.0', '1.0'
'2.0', '29.0', '32.0', '334.0', '8.0', '7.0', '1.0'
'127.0', '130.0', '37.0', '20.0', '1.0', '3.0', '267.0'
'33.0', '30.0', '3.0', '21.0', '20.0', '18.0', '22.0', '12.0', '11.0'
'2214.0', '3.0', '4.0', '20.0', '258.0', '91.0', '924.0', '1.0', '112.0'
'281.0', '13.0', '516.0', '18.0', '1.0', '66.0', '61.0', '207.0', '57.0', '22.0', '190.0'
'3.0', '12.0', '266.0', '1.0', '35.0', '726.0', '33.0', '235.0', '2.0', '16.0', '47.0', '173.0'
'3.0', '1.0', '4.0', '10.0', '61.0', '75.0', '17.0'
'35.0', '3.0', '2.0'
'27.0', '156.0', '1.0', '11.0'
[]
[]
'1036.0',
'1.0', '66.0', '18.0'
'298.0', '112.0', '11.0', '5.0', '251.0', '20.0'
'67.0', '78.0', '1.0', '83.0', '76.0', '70.0', '52.0', '56.0', '4.0', '220.0'
'1.0', '133.0', '69.0', '155.0'
'49.0', '11.0', '1.0', '4.0', '386.0', '2.0'
'1.0', '2676.0', '3.0', '12.0'
'3.0', '116.0', '1.0', '9.0', '59.0', '11.0', '65.0', '437.0', '2014.0'
'3.0', '86.0', '4.0', '28.0', '611.0', '38.0', '2.0', '121.0', '1.0'
'2123.0', '240.0', '4.0', '20.0', '29.0'
'3.0', '71.0', '599.0', '163.0', '38.0', '44.0', '643.0', '264.0', '5.0', '1085.0', '759.0', '44.0 3699.760161', '40.0', '29.0', '27.0', '2.0'
'5.0', '76.0', '3.0', '1459.0', '30.0', '242.0', '55.0', '144.0', '21.0', '11.0', '517.0', '4.0', '3.0 3712.454012', '20.0', '2.0', '139.0'
'1.0', '5.0', '1298.0'
'485.0', '31.0', '27.0', '198.0', '5.0', '39.0', '20.0', '3.0', '2.0', '19.0', '27.0 3737.713957', '175.0'
'27.0', '272.0', '240.0'
'234.0', '3.0', '5.0', '185.0', '33.0', '654.0', '3.0 3761.607804', '234.0 3761.721415'
'13.0', '358.0', '18.0', '894.0', '13.0 3773.089066', '13.0 3773.073723', '215.0', '13.0 3773.075275'
[]
[]
'102.0',
'2.0', '569.0', '1.0'
'11.0',
'47.0', '20.0'
'29.0', '7.0', '4.0', '3.0'
'464.0', '1.0'
'59.0', '24.0', '108.0', '156.0'
'84.0', '536.0', '30.0', '3.0', '25.0', '145.0', '1.0', '17.0'
'4.0', '1.0', '86.0', '81.0', '398.0', '30.0', '10.0', '99.0', '66.0', '12.0', '8.0', '7.0', '5.0', '3.0', '2.0', '445.0', '387.0', '15.0'
'1.0', '236.0', '108.0'
'6.0', '3.0', '35.0', '26.0', '97.0', '27.0', '10.0', '954.0', '17.0', '89.0', '210.0', '31.0', '111.0', '1.0', '2.0', '8.0', '4.0', '21.0', '12.0', '34.0', '229.0', '20.0', '52.0', '32.0', '1883.0', '11.0', '101.0', '99.0', '90.0', '69.0', '655.0', '6.0 3882.712092', '515.0', '274.0', '204.0', '14.0', '1.0 3882.987246'
'187.0', '67.0', '30.0', '39.0'
'4.0', '203.0', '83.0', '76.0', '112.0', '1.0', '229.0', '233.0', '118.0', '10.0', '2.0', '347.0', '55.0', '30.0', '12.0', '492.0', '218.0', '15.0', '70.0', '61.0', '434.0', '34.0', '5.0', '479.0', '1157.0', '113.0', '45.0', '4.0 3900.07642', '4.0 3900.070389'
'35.0', '16.0', '62.0', '1.0', '3.0', '55.0', '186.0', '198.0', '6.0', '74.0', '15.0', '17.0', '57.0', '51.0', '35.0 3907.481603', '35.0 3907.341904', '20.0', '120.0'
'4.0', '7.0', '6.0', '11.0', '1.0', '632.0'
'59.0', '1.0', '17.0', '6.0'
'30.0', '6.0', '30.0 3944.673887', '30.0 3944.465778', '131.0'
'68.0', '1.0', '97.0', '209.0'
'25.0',
'86.0',
'98.0', '114.0'
'129.0', '1.0', '6.0', '29.0', '120.0'
'2.0', '65.0', '367.0'
'11.0', '2476.0', '14.0', '1.0', '6.0'
'46.0', '76.0', '170.0'
'9.0', '10.0', '58.0', '4.0', '2.0'
'1.0', '42.0', '50.0', '9.0', '3.0', '2.0', '124.0', '11.0'
'101.0', '1.0', '425.0'
'1.0', '3.0', '201.0', '106.0', '2.0', '1100.0', '93.0', '7.0', '6.0', '51.0', '5.0', '48.0', '46.0', '356.0', '26.0', '180.0', '1079.0'
'33.0', '6.0', '16.0', '1.0', '8.0', '484.0', '3.0', '287.0', '28.0', '22.0', '111.0'
'8.0', '1.0', '452.0', '1334.0', '254.0', '2.0'
'20.0', '2.0', '308.0', '7.0', '3.0', '1569.0', '308.0 4069.706292', '174.0', '10.0'
'100.0', '7.0', '12.0', '22.0', '2.0', '8.0', '757.0', '10.0', '6.0', '521.0', '141.0', '1.0'
'445.0', '106.0', '26.0', '154.0', '419.0', '3.0', '9.0', '50.0', '81.0', '10.0', '1.0'
'151.0', '7.0', '2185.0', '1.0', '392.0', '40.0', '19.0'
'26.0', '19.0', '1.0', '316.0', '4.0', '370.0'
[]
[]
[]
'4.0', '62.0', '2.0', '6.0', '51.0', '229.0'
'2.0', '52.0', '3.0', '1.0'
'29.0', '23.0'
'1.0', '382.0', '3.0', '21.0', '1735.0'
'478.0', '956.0', '33.0', '36.0', '18.0'
'128.0', '3.0', '29.0'
'33.0', '1.0', '44.0', '37.0', '2.0', '102.0'
'45.0', '550.0', '2.0', '931.0', '7.0', '15.0'
'30.0', '3.0', '2.0', '4.0', '86.0', '6.0', '344.0'
'752.0', '140.0', '11.0', '8.0', '35.0', '125.0', '115.0', '1.0'
'1.0', '85.0', '30.0', '41.0', '22.0', '6.0', '29.0', '1905.0', '238.0', '2.0', '10.0'
'6.0', '2.0', '199.0', '45.0', '7.0', '4.0'
'2.0', '13.0', '154.0', '289.0', '1.0', '43.0', '427.0', '30.0', '13.0 4262.378461'
'8.0', '2.0', '30.0', '47.0', '170.0', '27.0', '349.0', '135.0', '1.0', '8.0 4274.5387', '77.0'
'2.0', '86.0', '6.0', '19.0', '2.0 4287.239912', '4.0', '1.0'
'44.0', '257.0', '28.0', '1.0'
'42.0', '214.0', '1.0'
'851.0', '833.0', '31.0', '1.0'
'1.0', '38.0', '99.0'
'3.0', '2.0', '137.0', '738.0'
'1.0', '2.0', '126.0'
'18.0', '172.0', '19.0', '5.0', '2.0'
'2.0', '20.0', '1.0'
'17.0', '7.0', '311.0', '182.0', '470.0', '44.0', '2.0'
'838.0', '1.0', '2.0'
'8.0', '77.0', '69.0', '25.0', '1168.0', '1.0'
'1.0', '19.0', '3.0', '17.0', '77.0', '541.0', '29.0', '25.0', '10.0'
'30.0', '2.0', '22.0', '3.0', '86.0', '7.0', '50.0', '24.0', '14.0'
'16.0', '1.0', '19.0', '3.0', '25.0'
'314.0', '3.0', '45.0', '15.0', '294.0', '14.0', '130.0', '2.0', '17.0', '8.0', '5.0', '3.0 4417.888238'
'2.0', '9.0', '4.0', '3.0', '1.0', '75.0', '174.0'
'3.0', '2.0', '7.0', '135.0', '429.0', '321.0', '1.0', '78.0', '14.0'
'7.0', '1.0', '71.0', '347.0', '136.0', '51.0', '107.0', '2.0', '14.0', '9.0', '17.0', '70.0', '7.0 4454.638189', '111.0'
'7.0', '1.0', '30.0', '78.0', '10.0', '38.0', '18.0', '69.0', '497.0', '4.0', '7.0 4467.167806', '47.0', '32.0', '108.0', '1.0 4467.418063'
'770.0', '38.0', '3.0', '457.0', '770.0 4478.351353', '38.0 4478.355347'
'22.0',
'10.0', '3.0'
'316.0',
'1.0',
'4.0', '13.0 4533.286431', '13.0'
'1.0', '96.0', '243.0'
'10.0', '2.0', '8.0', '28.0', '1.0'
'1.0', '38.0', '3.0', '224.0', '17.0'
'5.0', '284.0', '4.0', '891.0'
'2.0', '1.0', '6.0', '36.0', '250.0', '19.0', '55.0', '38.0', '28.0', '21.0', '12.0', '117.0', '10.0', '81.0', '6.0 4563.5985', '58.0', '51.0', '4.0', '380.0', '27.0', '26.0', '24.0', '20.0', '193.0', '1534.0', '1206.0'
'3.0', '944.0', '1.0'
'624.0', '1.0', '289.0', '33.0', '27.0', '37.0', '11.0', '97.0', '105.0', '270.0', '359.0', '3.0', '4.0', '624.0 4582.653348', '33.0 4582.633148', '29.0'
'3.0', '44.0', '33.0', '113.0', '2.0', '19.0', '129.0', '26.0', '13.0', '43.0', '3.0 4595.102601', '114.0', '58.0'
'365.0', '1.0', '19.0', '4.0', '2.0', '101.0', '2129.0', '135.0'
'402.0', '489.0', '78.0', '81.0', '4.0', '482.0', '342.0', '3.0', '9.0', '43.0', '78.0 4622.906698', '489.0 4623.077729', '1.0'
'3.0', '82.0', '1355.0', '38.0', '2.0', '91.0', '1.0', '60.0', '20.0', '6.0', '326.0', '3.0 4639.610308', '3.0 4639.602459', '3.0 4638.622127', '1355.0 4639.588448'
'55.0', '94.0', '33.0', '35.0', '14.0', '1.0', '2.0', '616.0', '55.0 4652.107678', '55.0 4652.1018', '43.0'
'74.0', '38.0', '3.0', '9.0', '1.0', '1016.0', '680.0', '2.0', '6.0', '74.0 4665.444761', '38.0 4665.29466', '12.0'
'158.0', '4.0', '58.0', '2526.0', '1.0', '214.0', '158.0 4676.687349'
[]
'11.0',
[]
'106.0', '3.0', '11.0'
'95.0', '1.0', '178.0'
'3.0', '1.0', '261.0', '1360.0'
'148.0', '894.0', '404.0', '4.0', '1.0'
'615.0', '247.0', '2.0', '13.0', '1.0', '7.0', '32.0'
'1.0', '2.0', '19.0', '87.0', '4.0'
'8.0', '164.0', '1.0', '6.0', '3.0', '21.0', '660.0', '546.0', '53.0', '5.0', '2644.0', '253.0', '195.0', '1681.0', '135.0', '119.0', '10.0'
'3.0', '2.0', '8.0', '6.0', '28.0', '160.0', '74.0', '53.0', '464.0', '43.0', '4.0', '359.0', '331.0', '33.0', '24.0', '22.0', '219.0', '167.0', '165.0', '15.0', '14.0', '113.0', '1.0'
'59.0', '130.0', '8.0', '18.0', '70.0', '17.0', '35.0', '24.0', '222.0'
'139.0', '12.0', '251.0', '702.0', '20.0', '145.0'
'3.0', '2.0', '24.0', '27.0', '140.0', '1.0', '614.0', '30.0', '20.0', '197.0'
'1.0', '3.0', '16.0', '99.0', '42.0', '12.0'
'123.0', '3.0', '130.0', '1114.0', '1010.0', '2.0', '29.0', '24.0', '281.0', '167.0', '6.0', '33.0', '70.0', '281.0 4814.928972'
'204.0', '1.0', '154.0', '658.0', '22.0'
'35.0', '1.0', '3.0', '17.0', '6.0', '223.0', '7.0', '104.0', '358.0', '54.0', '223.0 4839.576284', '223.0 4839.268116'
'3.0', '1.0'
'167.0',
[]
'78.0',
'34.0', '1.0', '5.0', '230.0'
'40.0', '13.0', '24.0', '147.0', '11.0'
'5.0',
'29.0', '15.0', '12.0'
'24.0', '38.0', '19.0', '147.0', '14.0'
'561.0', '39.0', '2.0', '861.0', '6.0', '21.0', '16.0', '127.0', '1.0'
'1.0', '86.0', '21.0', '17.0', '560.0', '5.0', '33.0', '311.0', '76.0', '4456.0', '3.0', '237.0', '10.0'
'297.0', '3.0', '19.0', '1.0', '536.0'
'29.0', '400.0', '22.0', '1.0', '5.0', '11.0'
'463.0', '5.0', '42.0', '137.0', '69.0', '349.0', '19.0'
'161.0', '11.0', '167.0', '5.0', '1.0', '9.0', '58.0', '27.0', '15.0'
'3.0', '305.0', '15.0', '107.0', '520.0', '303.0', '947.0', '285.0', '23.0', '1386.0', '1175.0'
'44.0', '11.0', '417.0', '2108.0', '19.0', '6.0', '5.0', '34.0', '193.0', '41.0', '118.0', '46.0'
'537.0', '118.0', '701.0', '120.0', '59.0', '327.0', '22.0', '33.0', '24.0', '13.0', '537.0 5007.210551', '36.0'
'14.0', '1.0', '73.0', '4.0'
'5.0', '1.0'
[]
[]
'15.0',
'257.0', '247.0', '1.0', '935.0', '100.0', '479.0', '45.0', '181.0', '34.0', '3.0', '230.0', '976.0', '69.0', '539.0', '341.0', '321.0', '98.0', '935.0 5081.068242', '935.0 5081.067535', '9.0', '7.0', '67.0', '543.0', '27.0', '257.0 5081.08679', '257.0 5081.071851', '210.0', '165.0 5080.909185', '165.0'
'1.0', '176.0', '45.0', '47.0', '913.0', '3194.0', '77.0', '3.0', '208.0', '493.0', '390.0', '444.0', '2.0', '114.0', '368.0', '220.0', '129.0'
'1.0', '782.0', '47.0', '31.0', '1266.0', '537.0', '7.0', '68.0', '56.0', '1293.0', '222.0', '11.0', '45.0', '393.0', '3.0', '20.0', '181.0', '1293.0 5124.502552', '4.0', '210.0', '10.0', '1.0 5124.65811'
'1.0', '2.0', '7.0', '4.0', '3.0', '2559.0', '14.0', '300.0', '16.0', '20.0', '32.0', '45.0', '10.0', '65.0', '56.0', '5.0', '47.0', '172.0', '869.0', '75.0', '38.0', '11.0', '913.0', '34.0', '481.0', '252.0', '41.0', '69.0', '33.0', '8.0', '63.0', '59.0', '498.0', '347.0', '2822.0', '206.0', '1715.0', '164.0', '77.0', '554.0', '321.0', '176.0', '150.0', '70.0', '323.0', '211.0', '1436.0', '808.0', '42.0', '134.0', '526.0', '48.0', '402.0', '272.0', '23.0', '204.0', '125.0', '67.0', '637.0', '603.0', '474.0', '46.0', '193.0', '146.0', '99.0', '9.0', '308.0', '21.0', '156.0', '112.0', '73.0', '591.0', '37.0', '306.0', '298.0', '231.0', '120.0', '117.0', '98.0', '284.0', '26.0', '19.0', '171.0', '1424.0', '137.0', '1.0 5131.41767', '926.0', '923.0', '91.0', '9.0 5131.733929', '860.0', '752.0', '548.0', '431.0', '332.0', '198.0', '15.0', '138.0', '1.0 5131.751033', '1.0 5131.701133', '1.0 5131.415812'
'1.0', '2.0', '7.0', '16.0', '25.0', '5.0', '100.0', '4.0', '166.0', '11.0', '34.0', '336.0', '150.0', '44.0', '2008.0', '3.0', '39.0', '1103.0', '175.0', '747.0', '20.0', '185.0', '493.0', '69.0', '51.0', '338.0', '391.0', '346.0', '1198.0', '653.0', '260.0', '237.0', '45.0', '32.0', '19.0', '160.0', '2893.0', '67.0', '683.0', '796.0', '542.0', '49.0', '308.0', '117.0', '680.0', '65.0', '526.0', '499.0', '367.0', '193.0', '1368.0', '10.0', '8.0', '68.0', '611.0', '448.0', '247.0', '176.0', '913.0', '450.0', '37.0', '196.0', '1051.0', '98.0', '88.0', '82.0', '7.0 5139.609444', '7.0 5139.357757', '403.0', '2.0 5139.646533', '156.0', '1305.0', '122.0', '114.0', '110.0', '1.0 5139.634617', '1.0 5139.615453'
'1.0', '2.0', '7.0', '3.0', '4.0', '8.0', '5.0', '31.0', '20.0', '19.0', '63.0', '44.0', '25.0', '11.0', '172.0', '469.0', '465.0', '45.0', '34.0', '1852.0', '184.0', '69.0', '47.0', '297.0', '14.0', '1011.0', '75.0', '680.0', '543.0', '1638.0', '418.0', '32.0', '16.0', '137.0', '41.0', '26.0', '166.0', '53.0', '450.0', '302.0', '23.0', '978.0', '891.0', '678.0', '100.0', '640.0', '315.0', '275.0', '70.0', '682.0', '556.0', '48.0', '282.0', '22.0', '210.0', '467.0', '444.0', '382.0', '197.0', '114.0', '1.0 5147.285412', '66.0', '59.0', '589.0', '584.0', '4.0 5147.837789', '236.0', '11.0 5148.123128', '104.0', '1.0 5148.11998', '1.0 5148.112738'
'1.0', '2.0', '3.0', '4.0', '5.0', '32.0', '25.0', '150.0', '7.0', '306.0', '11.0', '8.0', '22.0', '46.0', '1602.0', '562.0', '15.0', '16.0', '56.0', '73.0', '37.0', '162.0', '2501.0', '152.0', '14.0', '44.0', '42.0', '208.0', '20.0', '347.0', '164.0', '129.0', '2154.0', '181.0', '130.0', '489.0', '252.0', '24.0', '205.0', '128.0', '10.0', '9.0', '86.0', '682.0', '68.0', '67.0', '31.0', '1240.0', '1000.0', '74.0', '310.0', '165.0', '470.0', '38.0', '200.0', '171.0', '780.0', '77.0', '769.0', '53.0', '467.0', '424.0', '4.0 5155.824534', '342.0', '27.0', '26.0', '252.0 5155.046445', '25.0 5155.55558', '2358.0', '22.0 5155.811989', '2.0 5155.781129', '190.0', '1.0 5155.841518', '1.0 5155.800848', '1.0 5155.044762'
'1.0', '3.0', '2.0', '4.0', '56.0', '166.0', '19.0', '714.0', '926.0', '10.0', '7.0', '39.0', '281.0', '114.0', '5.0', '66.0', '238.0', '11.0', '275.0', '17.0', '26.0', '161.0', '9.0', '75.0', '546.0', '320.0', '269.0', '24.0', '71.0', '701.0', '160.0', '8.0', '16.0', '45.0', '411.0', '4.0 5160.768734', '39.0 5161.939641', '34.0', '2.0 5161.53912', '14.0', '96.0', '91.0', '56.0 5161.739419', '56.0 5160.805375', '48.0', '36.0', '32.0', '3.0 5162.162388', '1212.0', '12.0', '10.0 5162.17745', '1.0 5162.140998', '1.0 5161.777449'
'1.0', '20.0', '2.0', '3.0', '1755.0', '102.0', '4.0', '22.0', '59.0', '215.0', '119.0', '703.0', '1.0 5165.25673', '9.0', '6.0', '102.0 5168.583679', '1682.0', '7.0', '154.0', '8.0', '27.0', '35.0', '262.0', '21.0', '20.0 5172.840396', '20.0 5172.349885', '117.0', '1.0 5172.863734', '1.0 5172.858093', '1.0 5172.844875', '1.0 5172.802436', '1.0 5172.556882'
'1.0', '3.0', '4.0', '16.0', '32.0', '19.0', '361.0', '2.0', '40.0', '100.0', '7.0', '102.0', '473.0', '260.0', '220.0', '82.0', '3583.0', '11.0', '46.0', '226.0', '371.0', '362.0', '30.0', '9.0', '78.0', '485.0', '40.0 5180.835897', '32.0 5180.38656', '3.0 5180.88644', '3.0 5180.405951', '1695.0', '1400.0', '10.0', '1.0 5180.828836'
'3.0', '2.0', '1.0', '820.0', '7.0', '197.0', '358.0', '66.0', '17.0', '9.0', '495.0', '26.0', '160.0', '849.0', '712.0', '43.0', '820.0 5194.211211', '1690.0', '140.0', '820.0 5195.024024', '3.0 5195.065421', '2.0 5194.503167', '163.0'
'3.0', '1.0', '2.0', '9.0', '20.0', '15.0', '4.0', '2017.0', '97.0', '1403.0', '47.0', '81.0', '53.0', '3.0 5215.872525', '3.0 5215.855686', '3.0 5215.76018', '3.0 5215.383938', '2.0 5215.853741', '1.0 5215.744837'
'3.0', '65.0', '1.0', '7.0', '2.0', '4.0', '336.0', '6.0', '114.0', '47.0', '113.0', '93.0', '7.0 5237.46742', '7.0 5237.451766', '7.0 5236.91975', '3.0 5237.427151', '3.0 5237.424791'
'3.0', '338.0', '1.0', '32.0', '56.0', '2.0', '7.0', '640.0', '85.0', '4.0', '487.0', '139.0', '28.0', '6.0', '32.0 5253.050629', '13.0'
'1.0', '3.0', '5.0', '15.0', '2.0', '18.0', '5.0 5264.026148', '4.0', '118.0', '109.0', '1.0 5265.685116', '1.0 5265.684921', '1.0 5265.61914', '1.0 5265.472735'
'29.0', '1.0', '3.0', '2.0', '4.0', '919.0', '1.0 5279.412642'
'4.0', '25.0', '3.0'
[]
