'3.0', '11.0', '268.0', '1.0'
'1470.0', '1.0', '10.0', '6.0', '38.0', '109.0'
'13.0', '123.0', '5.0', '9.0', '3.0', '7.0', '2.0', '1.0'
'3.0', '60.0', '7.0', '84.0', '27.0', '98.0', '406.0', '342.0'
'1.0', '67.0', '576.0', '333.0', '5.0', '35.0', '39.0', '9.0', '102.0', '3.0', '28.0', '192.0', '19.0', '188.0', '123.0', '111.0', '876.0', '44.0', '201.0', '2.0', '102.0 58.798287'
'3.0', '5.0', '199.0', '6.0', '16.0', '754.0', '7.0', '57.0', '44.0', '3.0 66.469099', '269.0', '1.0'
'1919.0', '468.0', '11.0', '396.0', '6.0', '18.0', '20.0', '1.0', '242.0', '356.0', '220.0', '527.0', '3.0', '29.0', '766.0', '468.0 75.095657', '4.0', '396.0 74.925682', '13.0'
'57.0', '89.0', '624.0', '395.0', '1.0', '3.0', '5.0', '9.0', '507.0', '33.0', '36.0', '26.0', '16.0', '13.0', '108.0', '2858.0', '95.0', '66.0', '6.0', '624.0 84.475264', '53.0', '5.0 85.907017', '89.0 86.838861', '89.0 86.741007', '624.0 86.30482', '57.0 86.859381', '57.0 86.797523', '57.0 86.796786', '57.0 86.73632', '57.0 86.325133', '57.0 86.036044', '57.0 85.549988', '57.0 84.483694', '5.0 86.826548', '5.0 86.718804', '5.0 84.142513', '395.0 86.297244', '33.0 86.737869', '3.0 86.859719', '2.0', '13.0 85.531098'
'3.0', '297.0', '375.0', '1.0', '5.0', '20.0', '397.0', '36.0', '3.0 112.20032', '3.0 112.177754', '3.0 112.161372', '3.0 111.371645'
'5.0', '326.0', '3.0', '8.0', '10.0', '7.0', '1.0', '301.0', '139.0', '5.0 136.082877', '103.0', '8.0 137.152893', '5.0 137.62357', '5.0 137.587018', '5.0 137.468343', '5.0 137.467133', '5.0 137.129261', '5.0 137.029924', '5.0 136.23248', '5.0 136.091664', '326.0 137.47363', '326.0 137.006292', '3.0 137.508864'
'5.0', '6.0', '3.0', '292.0', '1.0', '8.0', '108.0', '5.0 159.668274', '5.0 159.391243', '6.0 159.666087', '5.0 159.754008', '5.0 159.720853', '5.0 159.685616', '5.0 159.684638', '5.0 159.662976 159.762413', '5.0 159.662976', '5.0 159.391243 159.769808', '5.0 158.937431', '5.0 158.703329', '5.0 158.660471'
'28.0', '3.0', '1.0', '26.0', '15.0', '283.0', '8.0', '170.0', '47.0', '28.0 173.767472', '28.0 173.704201', '28.0 172.452173', '26.0 173.771562'
'31.0', '4.0', '26.0', '16.0', '95.0', '46.0', '2.0', '37.0', '4.0 192.128553', '4.0 191.627191', '31.0 192.355305', '31.0 191.880252', '12.0'
'342.0', '33.0', '529.0', '2606.0', '1.0', '178.0', '15.0', '529.0 209.916283', '256.0', '1.0 210.368024', '8.0', '2606.0 210.37535', '10.0'
'3.0', '5.0', '20.0', '1.0', '145.0', '102.0', '3.0 228.641655', '3.0 228.620166', '3.0 228.565725', '3.0 228.305416', '3.0 228.304544', '3.0 227.881959', '3.0 227.383142', '3.0 227.307942', '145.0 228.610024'
'34.0',
[]
[]
[]
'43.0', '1.0', '580.0', '13.0'
'1.0', '33.0', '26.0'
'1.0', '78.0', '6.0', '369.0'
'68.0', '434.0', '152.0', '15.0'
'1.0', '8.0', '169.0', '6.0', '32.0', '139.0'
'55.0', '95.0', '362.0', '1.0'
'91.0', '2.0'
'10.0',
[]
'2.0', '161.0', '1236.0'
'59.0', '3.0'
'46.0',
'75.0',
'6.0',
[]
'14.0',
[]
[]
[]
'47.0', '2.0', '829.0', '36.0', '281.0', '1.0'
'2.0', '20.0', '34.0', '22.0', '43.0', '29.0', '97.0', '11.0'
'46.0', '386.0', '2.0', '4.0', '6.0', '5.0', '22.0', '1.0'
'2.0', '4.0', '1.0', '11.0', '9.0', '41.0', '65.0', '74.0', '257.0', '58.0', '46.0', '150.0', '1695.0', '507.0', '23.0', '160.0', '704.0', '265.0', '1340.0', '5.0', '195.0', '396.0', '15.0', '79.0', '174.0', '6.0', '3446.0', '659.0', '37.0', '96.0', '680.0', '614.0', '47.0', '175.0', '12.0', '683.0', '57.0', '55.0', '51.0', '493.0', '376.0', '251.0', '1283.0', '116.0', '10.0', '83.0', '297.0', '2458.0', '227.0', '1697.0', '16.0', '13.0', '126.0', '103.0', '89.0', '80.0', '746.0', '74.0 450.032987', '73.0', '69.0', '66.0', '59.0', '48.0', '408.0', '2928.0', '133.0', '120.0', '91.0', '890.0', '836.0', '691.0', '615.0', '42.0', '40.0', '335.0', '3291.0', '276.0', '265.0 450.968104', '235.0', '224.0', '1777.0', '14.0', '130.0'
'2.0', '40.0', '83.0', '65.0', '41.0', '51.0', '631.0', '193.0', '22.0', '125.0', '11.0', '91.0', '1.0', '80.0', '378.0', '58.0', '4.0', '95.0', '108.0', '10.0', '52.0', '48.0', '92.0', '19.0', '172.0', '9.0', '881.0', '67.0', '63.0', '336.0', '54.0', '5.0', '451.0', '386.0', '33.0', '28.0', '237.0', '2.0 457.227827', '176.0', '1376.0', '1134.0', '1.0 457.192777'
'2.0', '4.0', '40.0', '65.0', '1.0', '64.0', '510.0', '9.0', '69.0', '22.0', '28.0', '120.0', '11.0', '2674.0', '53.0', '125.0', '366.0', '83.0', '10.0', '58.0', '2784.0', '254.0', '54.0', '51.0', '252.0', '114.0', '243.0', '760.0', '5.0', '43.0', '34.0', '33.0', '16.0', '118.0', '95.0', '82.0', '683.0', '64.0 462.088768', '57.0', '52.0', '47.0', '209.0', '17.0', '164.0'
'1.0', '2.0', '4.0', '10.0', '22.0', '13.0', '50.0', '32.0', '14.0', '72.0', '11.0', '1080.0', '6.0', '120.0', '8.0', '56.0', '79.0', '466.0', '125.0', '300.0', '287.0', '243.0', '21.0', '208.0', '89.0', '731.0', '67.0', '5.0', '26.0', '211.0', '165.0', '140.0', '126.0', '914.0', '740.0', '609.0', '91.0', '276.0', '239.0', '23.0', '209.0', '74.0', '73.0', '48.0', '34.0', '251.0', '25.0', '242.0', '160.0', '16.0', '94.0', '81.0', '548.0', '127.0', '92.0', '80.0', '614.0', '566.0', '45.0', '414.0', '35.0', '328.0', '286.0', '19.0', '153.0', '786.0', '57.0', '553.0', '54.0', '49.0', '236.0', '176.0', '175.0'
'13.0', '2.0', '4.0', '1.0', '352.0', '14.0', '55.0', '42.0', '31.0', '334.0', '49.0', '48.0', '1402.0', '12.0', '124.0 467.340996', '19.0', '6.0', '9.0', '20.0', '43.0', '2128.0', '124.0', '11.0', '96.0', '79.0', '3.0', '190.0', '98.0', '292.0', '67.0', '59.0', '18.0', '522.0', '50.0', '445.0', '4126.0', '10.0', '96.0 471.497714', '776.0', '49.0 471.491072', '4.0 471.500605', '240.0', '2.0 471.470049', '2.0 471.283882', '191.0', '116.0'
'799.0', '22.0', '5.0', '2.0', '1050.0', '66.0', '1.0', '4.0', '132.0', '9.0', '881.0', '42.0', '1.0 487.930685', '799.0 487.963507', '5.0 487.030311', '28.0', '22.0 487.978487'
'1.0', '49.0', '2.0', '5.0', '32.0', '8.0', '9.0', '33.0', '5.0 502.02871', '49.0 501.390231', '16.0', '1.0 502.103685', '1.0 501.671583', '1.0 501.389453'
'1.0', '752.0', '97.0', '51.0', '368.0', '6.0', '68.0', '2.0', '19.0', '32.0', '4346.0', '752.0 517.89086', '50.0'
'15.0', '52.0', '100.0', '2.0', '6.0', '92.0', '5.0', '52.0 529.817282', '52.0 529.808749', '52.0 529.79991', '52.0 529.650853', '52.0 529.410703', '15.0 529.833679'
'1.0', '2.0', '249.0', '12.0', '1084.0', '10.0', '208.0', '6.0', '2.0 542.752327', '1.0 542.739211', '1.0 542.563592'
'1.0', '83.0', '2.0', '83.0 556.30908', '83.0 556.122927', '2.0 556.352938', '1.0 556.308644', '1.0 556.308392'
'13.0', '1.0', '123.0', '251.0', '115.0', '51.0', '13.0 567.862972', '13.0 567.68264', '123.0 566.403687 566.442978'
'942.0',
'139.0',
[]
'173.0',
'28.0', '14.0', '63.0', '181.0', '1.0'
'26.0',
'2.0', '9.0', '40.0', '1.0'
'32.0', '27.0', '2.0', '10.0', '1.0', '808.0', '69.0', '57.0', '44.0'
'10.0', '18.0', '1.0', '304.0', '3.0'
'950.0', '56.0', '232.0'
'8.0', '4.0', '628.0', '33.0'
'4.0', '158.0', '144.0', '74.0', '36.0', '3.0', '295.0'
'156.0', '2.0', '104.0', '9.0', '143.0'
'8.0', '2.0'
'53.0', '30.0'
'813.0', '35.0', '86.0', '8.0', '2.0'
'8.0', '4.0', '17.0', '2.0', '1.0', '749.0', '7.0'
'11.0',
'4.0', '228.0', '932.0'
[]
[]
[]
[]
'6.0', '4.0', '1.0'
'2.0', '498.0', '856.0', '707.0', '17.0'
'4.0', '142.0', '1.0', '40.0', '112.0'
'62.0', '14.0', '136.0', '5.0'
'7.0', '3.0'
'6.0', '2.0', '8.0', '3.0'
'5.0', '1.0', '51.0', '2.0'
'54.0', '1.0'
'21.0', '51.0'
'11.0', '3.0', '117.0'
'7.0',
'136.0',
'1.0', '80.0'
[]
[]
[]
[]
[]
'150.0',
'210.0', '148.0', '1.0', '361.0', '36.0', '3.0'
'6.0', '55.0', '40.0'
'10.0', '229.0'
'30.0', '1141.0', '9.0', '84.0', '2.0'
'133.0', '8.0', '5.0', '404.0', '396.0', '191.0'
'1.0', '177.0', '4.0', '186.0', '10.0'
'931.0', '873.0', '42.0', '2.0', '1.0', '53.0', '326.0', '175.0', '16.0'
'10.0', '283.0'
[]
'2.0',
'69.0',
'335.0',
[]
'1.0', '13.0'
[]
[]
[]
[]
[]
'33.0', '226.0', '2.0', '10.0', '3.0'
'2.0', '41.0', '1.0'
'4.0', '2.0', '1.0'
'23.0', '5.0', '4.0', '3.0'
'78.0', '7.0', '421.0', '371.0', '163.0'
'123.0', '1.0'
'252.0', '56.0', '484.0', '19.0'
'2.0', '119.0', '4.0', '20.0', '359.0', '6.0', '52.0', '758.0', '26.0', '449.0', '392.0', '338.0', '119.0 1120.301281', '1.0'
'80.0', '4.0', '271.0', '1.0', '351.0', '20.0', '18.0', '9.0', '759.0', '5.0', '9.0 1132.430922', '80.0 1132.431173', '69.0', '351.0 1132.055758'
'2.0', '45.0', '28.0', '1.0', '44.0', '4.0', '26.0', '92.0', '81.0', '3.0', '19.0', '28.0 1144.673273', '223.0', '209.0', '2.0 1144.216662', '16.0'
'400.0', '62.0', '36.0', '30.0', '5.0', '35.0', '68.0', '3.0', '575.0', '400.0 1156.6299', '36.0 1156.500212'
'2.0', '99.0', '14.0', '322.0', '12.0', '270.0', '5.0', '1.0', '4.0', '392.0', '2.0 1168.146653', '2.0 1166.517001'
'18.0', '174.0', '1.0', '1256.0', '10.0', '4.0', '24.0', '214.0', '102.0'
'383.0', '4.0', '1.0', '18.0', '111.0', '269.0', '42.0', '166.0', '29.0', '62.0', '1.0 1193.595013', '5.0', '383.0 1193.330296'
'77.0', '3.0', '288.0', '1225.0', '2.0', '69.0'
'401.0', '39.0', '46.0'
[]
[]
[]
'1.0', '64.0', '61.0', '17.0', '177.0', '17.0 1256.539902', '17.0 1256.442319', '1539.0', '138.0'
'421.0', '454.0', '116.0', '34.0', '1.0'
'3.0', '1.0', '269.0', '2.0', '15.0'
'15.0', '55.0', '27.0', '2.0', '238.0'
'64.0', '1593.0', '182.0', '51.0', '192.0', '1.0', '475.0', '1266.0'
'75.0', '66.0', '3.0', '5.0', '8.0', '2421.0', '109.0', '1.0'
'17.0', '5.0', '73.0', '55.0', '212.0', '180.0', '1.0'
'1.0', '2442.0', '3.0', '2.0', '13.0'
'1.0', '6.0', '2.0', '4.0'
'2.0', '1.0', '721.0'
'2.0', '137.0', '1.0'
'28.0', '1.0', '83.0', '38.0', '28.0 1349.344855', '1.0 1349.38457', '1.0 1349.383237', '1.0 1349.160661'
'630.0', '1.0', '2.0', '20.0', '104.0', '1.0 1360.660987'
'3.0', '6.0'
[]
[]
[]
'8.0',
[]
'59.0', '4.0'
'2.0', '6.0', '224.0'
'3.0', '1.0', '1635.0'
'33.0', '182.0', '93.0', '113.0'
'64.0', '71.0', '51.0', '3.0', '243.0'
'934.0', '3.0', '214.0', '5.0', '4.0', '2.0'
'236.0', '1305.0', '2.0', '158.0', '34.0', '2650.0'
'9.0', '19.0', '114.0', '2.0', '111.0', '1.0'
'8.0', '20.0', '5.0'
'16.0', '44.0', '75.0', '5.0', '181.0', '65.0', '16.0 1493.083848', '16.0 1492.853399'
[]
'62.0', '185.0', '6.0'
'2.0',
'4.0', '4.0 1535.413921', '4.0 1535.414608', '4.0 1535.305904', '4.0 1535.300735'
'2.0', '3.0'
[]
[]
[]
[]
'346.0', '57.0', '57.0 1595.10113'
'990.0', '39.0', '231.0'
'9.0',
'2.0', '1029.0', '1.0'
'1.0', '253.0', '150.0', '6.0', '3.0', '18.0', '136.0'
'804.0', '205.0', '1.0', '2.0'
'2.0', '26.0', '183.0', '15.0', '1.0'
'1.0', '9.0', '6.0', '7.0', '349.0', '3.0'
'382.0', '39.0'
'43.0',
'13.0',
'32.0',
'22.0',
[]
'902.0',
'10.0',
'2.0',
[]
'1.0',
'7.0', '14.0', '70.0', '3.0', '2.0'
'1.0', '296.0', '238.0', '140.0'
'121.0', '1.0', '160.0'
'2.0',
'3.0', '9.0', '7.0', '69.0', '57.0', '62.0', '275.0', '10.0'
'1.0', '8.0', '386.0', '22.0', '692.0', '67.0', '3.0', '28.0', '16.0'
'15.0', '10.0', '521.0', '39.0', '33.0', '11.0', '8.0', '31.0', '1.0'
'37.0', '4.0', '19.0'
'1.0',
'3.0',
'679.0',
'2.0', '6.0', '36.0', '1.0'
[]
'2.0', '23.0', '49.0', '1.0'
[]
[]
[]
[]
[]
'8.0', '27.0', '90.0', '76.0', '4.0', '3.0', '23.0'
'1.0', '8.0', '17.0', '4.0', '2.0', '111.0'
'154.0', '223.0', '12.0', '1.0'
'259.0', '869.0', '76.0', '151.0', '6.0', '304.0', '21.0', '92.0', '9.0', '698.0', '2.0'
'44.0', '371.0', '17.0', '52.0', '2.0', '83.0', '794.0', '222.0'
'5.0', '140.0', '153.0', '33.0', '25.0', '3.0', '162.0', '151.0', '45.0', '240.0'
'5.0', '25.0', '28.0', '13.0', '52.0', '20.0', '53.0', '1.0', '7.0', '31.0', '8.0', '30.0', '249.0', '18.0', '137.0', '148.0', '4.0', '59.0', '2.0', '740.0', '29.0', '9.0', '966.0', '36.0', '196.0', '10.0', '5.0 1971.360901', '3.0', '269.0', '22.0', '17.0', '616.0', '53.0 1972.599027', '52.0 1971.951455', '5.0 1972.613268', '5.0 1972.602218', '5.0 1972.601268', '5.0 1972.596544', '5.0 1972.594124', '5.0 1972.590218', '5.0 1972.579798', '5.0 1972.573827', '5.0 1971.999564', '5.0 1971.806074', '5.0 1971.786777', '32.0', '313.0', '25.0 1972.611206', '25.0 1972.589108', '25.0 1972.360706', '23.0', '148.0 1972.555438', '13.0 1972.570436', '11.0'
'5.0', '4.0', '21.0', '1272.0', '31.0', '285.0', '7.0', '29.0', '32.0', '1.0', '230.0', '187.0', '2.0', '45.0', '285.0 1981.816413', '285.0 1981.816052', '53.0', '4.0 1981.828459', '4.0 1981.627873', '310.0', '31.0 1981.664639', '230.0 1981.860454', '230.0 1981.852456', '185.0'
'25.0', '175.0', '182.0', '260.0', '52.0', '1.0', '350.0', '5.0', '25.0 1995.058365', '25.0 1994.892663', '25.0 1994.885799', '175.0 1994.677315', '17.0', '1.0 1994.875407'
'26.0', '71.0', '5.0', '25.0', '4.0', '29.0', '172.0', '1.0', '6.0', '30.0', '2.0', '5.0 2006.126037'
'661.0', '539.0', '1.0', '7.0', '46.0', '660.0', '6.0', '38.0', '127.0', '661.0 2021.612363', '1.0 2021.604729'
'7.0', '1.0', '2.0', '59.0', '162.0', '7.0 2037.085081', '7.0 2037.048319', '1.0 2037.085466', '1.0 2037.061622', '1.0 2037.05063'
'5.0', '74.0', '61.0', '1.0', '45.0', '7.0', '59.0', '74.0 2051.388321'
'89.0', '18.0', '1.0', '518.0', '25.0', '29.0', '18.0 2064.59418', '89.0 2065.275998', '377.0'
'1101.0',
[]
[]
'1.0',
'34.0',
'3.0', '1.0', '59.0'
'48.0',
'1.0', '37.0'
'5.0', '6.0', '17.0'
[]
'3.0', '32.0', '890.0', '254.0'
'1.0', '9.0', '8.0', '58.0', '4.0', '14.0 2160.25986', '923.0', '2.0', '182.0', '132.0', '119.0'
'475.0', '69.0', '29.0', '49.0', '21.0', '40.0', '2.0', '1342.0', '1.0', '475.0 2166.048374', '475.0 2166.30236', '475.0 2166.053745'
'19.0', '175.0', '41.0', '1.0', '19.0 2178.203457', '19.0 2178.17089', '19.0 2178.165392', '19.0 2178.144997', '19.0 2177.903177', '19.0 2177.683719'
'8.0', '642.0', '8.0 2191.839086', '8.0 2191.826712', '8.0 2191.808483', '8.0 2191.779608', '642.0 2191.794565'
'39.0', '29.0', '1.0'
'341.0', '1.0', '77.0', '5.0', '5.0 2217.801822', '341.0 2216.940243', '1.0 2217.755764'
'29.0', '69.0', '63.0', '29.0 2230.771296', '69.0 2232.60243', '4.0', '29.0 2232.764776', '29.0 2232.613748', '29.0 2232.09784'
'1135.0', '798.0', '1135.0 2244.25913', '240.0', '1135.0 2244.257804', '1135.0 2244.010287', '1135.0 2243.894444'
'232.0', '29.0', '1706.0'
[]
[]
[]
[]
'166.0', '3.0', '1.0', '11.0'
'17.0', '524.0'
'63.0', '11.0', '86.0'
'41.0', '108.0', '1.0'
'451.0', '13.0', '1.0'
'70.0',
'2.0',
'26.0', '14.0', '1.0', '168.0'
[]
[]
[]
[]
'3.0',
'33.0', '182.0'
'2.0',
[]
[]
[]
[]
'1.0', '17.0'
'3.0', '4.0', '1.0'
'2.0', '6.0', '40.0', '3.0'
'141.0', '7.0', '6.0'
'5.0', '1.0'
'9.0', '12.0', '476.0', '46.0', '45.0', '182.0', '154.0', '119.0', '1.0'
'341.0', '7.0', '5.0', '492.0', '25.0', '189.0', '1.0'
'183.0', '121.0'
'4.0', '2.0'
'295.0', '2.0'
'31.0', '4.0', '16.0', '1.0'
[]
'816.0', '274.0'
'8.0', '1.0'
'1.0', '168.0'
'155.0', '108.0'
'97.0',
[]
'25.0',
'2.0', '5.0', '108.0'
'10.0', '3.0'
'1.0', '183.0', '15.0', '719.0', '104.0'
'125.0', '485.0', '46.0', '259.0', '2.0', '18.0'
'20.0', '3.0', '2.0', '585.0', '28.0', '153.0'
'10.0', '640.0', '7.0', '4.0', '26.0'
'63.0', '15.0', '37.0', '1.0', '1.0 2667.787851'
'1.0', '7.0', '2.0', '588.0', '31.0', '94.0', '86.0', '23.0'
'15.0', '1263.0', '166.0', '1263.0 2683.323768'
'11.0', '14.0', '6.0', '2.0', '132.0', '2.0 2695.865078'
'15.0', '4.0', '26.0', '1.0', '18.0', '15.0 2712.480316', '15.0 2712.476636', '15.0 2712.466904', '15.0 2712.457673', '15.0 2712.343574'
'4.0', '2.0', '140.0', '99.0', '437.0', '904.0', '140.0 2725.915134'
'8.0',
'17.0', '2.0', '17.0 2749.604384', '17.0 2749.325353'
'18.0', '13.0', '114.0', '90.0', '1.0', '52.0'
'2.0', '1.0', '2.0 2773.952704'
[]
[]
[]
'4.0', '7.0', '54.0', '22.0', '1.0', '10.0'
'7.0', '16.0', '4.0', '315.0', '2.0', '7.0 2836.516291', '58.0', '448.0', '26.0', '1.0'
'157.0', '4.0', '119.0', '9.0', '25.0', '127.0', '186.0'
'29.0', '7.0', '16.0', '167.0', '9.0', '66.0', '4.0', '30.0', '5.0', '6.0', '31.0', '17.0', '8.0', '12.0', '20.0', '13.0', '93.0', '24.0', '73.0', '2434.0', '23.0', '111.0', '77.0', '75.0', '245.0', '204.0', '104.0', '10.0', '84.0', '36.0', '32.0', '144.0', '132.0', '78.0', '7.0 2860.424862', '61.0', '55.0', '33.0'
'100.0', '4.0', '74.0', '12.0', '297.0', '64.0', '68.0', '177.0', '1.0', '8.0', '6.0', '7.0', '43.0', '20.0', '171.0', '10.0', '90.0', '2834.0', '22.0', '51.0', '2.0', '46.0', '4.0 2869.105798', '297.0 2869.404184', '13.0'
'392.0', '84.0', '1.0', '308.0', '23.0', '9.0', '2.0', '100.0', '63.0', '31.0', '4.0', '26.0', '965.0', '7.0', '16.0', '46.0', '17.0', '13.0', '29.0', '850.0', '90.0', '8.0', '132.0', '20.0', '5.0', '128.0', '10.0', '437.0', '3.0', '12.0', '63.0 2877.210908', '595.0', '521.0', '392.0 2877.398101', '392.0 2877.396875', '392.0 2876.792025'
'1.0', '186.0', '89.0', '3.0', '20.0', '7.0', '16.0', '5.0', '25.0', '23.0', '48.0', '374.0', '128.0', '8.0', '6.0', '1113.0', '750.0', '1455.0', '12.0', '11.0', '89.0 2882.938865', '75.0', '4.0', '272.0', '92.0', '50.0', '36.0', '33.0', '31.0', '2.0', '10.0', '914.0', '89.0 2882.793963', '638.0', '6.0 2883.618858', '362.0', '34.0', '317.0'
'29.0', '13.0', '1.0', '4.0', '32.0', '2.0', '89.0', '17.0', '16.0', '482.0', '35.0', '19.0', '11.0'
'1.0', '868.0', '3.0', '125.0', '1.0 2906.819421', '1.0 2907.415969', '1.0 2907.413255', '1.0 2906.281767', '1.0 2907.791406', '1.0 2907.728742', '1.0 2907.726467', '1.0 2907.716875', '1.0 2907.503491', '1.0 2907.433634', '1.0 2907.431617', '1.0 2906.622617', '1.0 2906.612245', '1.0 2906.321288'
'2.0', '742.0', '8.0'
'73.0', '28.0', '76.0', '28.0 2932.168437', '76.0 2932.421754', '76.0 2932.169942', '73.0 2932.004131', '73.0 2931.999035', '73.0 2931.976649', '28.0 2932.37272', '28.0 2932.372404', '28.0 2931.175623', '2.0'
'1.0', '2.0', '13.0', '4.0', '13.0 2945.465566', '13.0 2944.816303', '1.0 2945.469367', '1.0 2943.991853', '2.0 2945.466677', '1.0 2945.494846', '1.0 2945.155814'
[]
'87.0',
'24.0', '11.0'
[]
'15.0',
[]
'361.0',
'459.0', '139.0'
'6.0', '1.0', '3.0'
'3.0',
'1.0', '21.0', '169.0'
'52.0', '3.0'
'834.0', '1.0', '392.0', '4.0'
'4.0', '3.0', '320.0', '100.0'
'19.0', '120.0', '81.0', '3.0'
[]
'2.0',
[]
[]
'3.0',
[]
[]
'14.0',
[]
'244.0',
[]
'4.0', '2.0', '1.0', '8.0', '6.0', '3.0'
'87.0', '89.0', '30.0', '20.0', '5.0'
'26.0', '3.0', '17.0'
'9.0', '2.0', '5.0', '65.0', '1432.0 3235.482603', '1432.0', '1.0'
'20.0', '5.0'
'4.0', '3.0', '495.0', '91.0', '907.0', '1602.0'
'3.0', '5.0', '1.0', '385.0', '270.0', '63.0', '18.0', '7.0', '47.0', '46.0', '43.0', '376.0', '2.0', '10.0'
'4.0', '7.0', '706.0', '1059.0'
[]
'56.0', '4.0', '12.0'
'2.0',
'7.0', '5.0'
[]
'5.0', '1.0'
'42.0',
'121.0',
[]
[]
[]
'8.0',
'7.0', '1.0'
'880.0', '3.0', '250.0', '22.0'
'8.0', '287.0'
'3.0', '26.0', '195.0', '4.0'
'7.0', '152.0'
'28.0', '1.0', '129.0', '1730.0'
'17.0',
'264.0', '6.0', '3.0', '11.0', '1.0', '34.0', '264.0 3432.162615'
'1.0',
'1.0', '8.0', '40.0', '33.0', '76.0', '1111.0', '1.0 3456.54072'
'58.0', '1.0', '58.0 3468.165633', '58.0 3467.791975', '1.0 3466.824237'
'6.0', '1.0', '9.0'
'1377.0', '279.0'
'338.0', '338.0 3503.074228'
[]
[]
[]
[]
'1.0', '41.0', '352.0', '1.0 3560.153736'
'1.0', '243.0'
'6.0', '584.0', '47.0', '43.0', '64.0', '395.0', '1.0', '92.0', '4.0', '3.0'
'668.0', '143.0', '11.0', '55.0', '120.0', '24.0', '1.0', '5.0', '178.0', '12.0', '149.0', '204.0', '36.0', '18.0', '808.0', '3.0', '83.0', '6.0', '393.0', '34.0', '29.0', '19.0'
'171.0', '6.0', '255.0', '11.0', '47.0', '481.0', '51.0', '114.0', '95.0', '53.0', '22.0', '168.0', '36.0', '333.0', '17.0', '12.0', '1.0', '545.0', '495.0', '480.0', '42.0', '192.0', '7.0', '59.0', '200.0', '1693.0', '16.0', '939.0', '9.0', '822.0', '8.0', '70.0', '465.0', '40.0', '38.0', '24.0', '105.0'
'12.0', '88.0', '3193.0', '11.0', '86.0', '6.0', '170.0', '24.0', '589.0', '36.0', '3382.0', '115.0', '3.0', '26.0', '88.0 3616.715146', '88.0 3616.704195', '784.0', '455.0', '23.0', '20.0', '16.0'
'1.0', '3.0', '559.0', '12.0', '65.0', '11.0', '5.0', '38.0', '13.0', '21.0', '17.0', '93.0', '35.0', '4.0', '731.0', '41.0', '114.0', '106.0', '103.0', '6.0', '24.0', '16.0', '338.0', '33.0', '2.0', '27.0', '14.0', '441.0', '462.0', '54.0', '531.0', '20.0', '26.0', '349.0', '7.0', '528.0', '525.0', '9.0', '48.0', '467.0', '162.0', '124.0', '718.0', '46.0', '42.0', '32.0', '61.0', '74.0', '577.0', '359.0', '234.0', '152.0', '919.0', '676.0', '554.0', '367.0', '30.0', '130.0', '99.0', '98.0', '8.0', '77.0', '40.0', '393.0', '80.0', '70.0', '57.0', '342.0', '22.0', '1686.0', '67.0', '31.0', '200.0', '1774.0', '1658.0', '155.0', '131.0', '1276.0', '102.0', '94.0', '806.0', '559.0 3623.574231', '559.0 3623.554978', '259.0', '21.0 3623.232092', '14.0 3623.902592', '89.0', '69.0', '65.0 3624.208045', '56.0', '559.0 3623.899622', '528.0 3624.200979', '484.0', '47.0', '45.0', '3.0 3623.891717', '3.0 3622.575722', '29.0', '211.0', '200.0 3624.250627', '12.0 3622.913407', '10.0', '1.0 3624.202233', '1.0 3624.188549'
'96.0', '145.0', '97.0', '46.0', '10.0', '14.0', '1.0', '28.0', '9.0', '664.0', '47.0', '1142.0', '482.0', '19.0', '683.0', '484.0', '2.0', '145.0 3642.682212', '96.0 3642.517809', '7.0', '61.0', '495.0', '2664.0'
'18.0', '14.0', '21.0', '224.0', '5.0', '8.0', '400.0', '244.0', '12.0', '69.0', '912.0', '60.0', '1196.0', '137.0', '22.0', '871.0', '5.0 3667.59622', '400.0 3667.61908', '224.0 3667.362952', '18.0 3667.624715', '18.0 3667.58792', '18.0 3667.353665', '18.0 3667.323982', '18.0 3665.807671', '14.0 3667.340077'
'3.0', '1.0', '224.0', '187.0', '11.0', '6.0', '401.0', '456.0', '78.0', '97.0', '82.0', '8.0', '785.0', '76.0', '10.0', '4.0', '2.0', '5.0', '74.0', '551.0', '30.0', '15.0', '179.0', '2883.0', '268.0', '16.0', '65.0', '6.0 3676.54414', '23.0', '18.0', '83.0', '6.0 3676.636919', '52.0', '401.0 3676.365797', '401.0 3676.364335', '3.0 3676.536899', '3.0 3676.367509', '3.0 3676.27313', '224.0 3676.329459', '224.0 3675.254211', '187.0 3674.210939', '13.0'
'18.0', '1.0', '109.0', '207.0', '3.0', '5.0', '550.0', '269.0', '954.0', '278.0', '12.0', '1961.0', '81.0', '2.0', '19.0', '36.0', '90.0', '84.0', '27.0', '207.0 3694.420704', '1.0 3693.877645', '5.0 3694.492781', '18.0 3694.198914', '18.0 3693.600875', '109.0 3694.420405'
'14.0', '3.0', '257.0', '1.0', '222.0', '8.0', '28.0', '2632.0', '38.0', '6.0', '138.0', '372.0', '10.0', '144.0', '1.0 3710.940968', '9.0', '8.0 3710.653335', '35.0', '3.0 3711.102621', '3.0 3710.710714', '222.0 3711.119608', '222.0 3710.912572', '14.0 3711.165666', '14.0 3711.155576', '14.0 3710.943994'
'1949.0', '51.0', '358.0', '1.0', '28.0', '46.0', '3.0', '6.0', '21.0', '10.0', '7.0', '13.0', '1949.0 3731.137416', '4.0', '358.0 3731.890231', '298.0', '1949.0 3731.899189', '1949.0 3731.889013', '1949.0 3731.677316', '1949.0 3731.677042', '1949.0 3731.630478', '1949.0 3731.600295', '1949.0 3731.214645', '18.0', '1.0 3731.905391'
'9.0', '312.0', '33.0', '1.0', '5.0', '28.0', '207.0', '37.0', '22.0', '46.0', '5.0 3749.99828', '9.0 3750.040948', '9.0 3749.997074', '9.0 3749.809803', '312.0 3749.67585', '312.0 3749.444741', '28.0 3748.416299', '1.0 3750.03238', '1.0 3749.813408'
'25.0', '668.0', '33.0', '18.0', '1.0', '31.0', '1125.0', '3.0', '23.0', '582.0', '12.0', '16.0', '283.0', '50.0', '288.0', '60.0', '668.0 3765.759594', '107.0'
'1332.0', '1.0', '1332.0 3779.134894', '1332.0 3779.169516', '1332.0 3779.161553', '1332.0 3779.145353', '1332.0 3779.141917', '1332.0 3778.957354', '1332.0 3778.425895', '1.0 3778.988309'
'10.0',
'62.0',
[]
'1.0', '110.0', '56.0'
'1.0', '4.0', '26.0', '2.0'
'232.0', '1.0', '1354.0', '1266.0'
'59.0', '312.0', '18.0', '93.0', '6.0', '33.0', '3.0', '186.0', '131.0', '5.0', '126.0'
'32.0', '114.0', '1.0', '5.0', '73.0', '37.0 3847.201803', '37.0'
'519.0', '84.0', '127.0', '179.0', '1.0'
'8.0', '18.0', '12.0', '67.0', '6.0', '1.0'
'581.0', '1.0', '3.0', '88.0', '286.0', '7.0'
'37.0', '33.0', '1.0', '73.0', '1.0 3876.596339', '33.0 3876.597538', '33.0 3876.447611'
'4.0', '18.0', '927.0', '50.0', '104.0', '305.0', '2.0', '22.0', '13.0', '104.0 3888.419746'
'21.0', '104.0', '49.0', '6.0', '1.0', '516.0', '182.0', '21.0 3902.001012', '6.0 3901.822637', '21.0 3902.006078', '1.0 3902.009258', '1.0 3901.821925'
'7.0', '59.0', '1.0', '4.0', '2.0'
'13.0', '7.0', '21.0'
'176.0', '472.0', '119.0', '2.0', '1.0', '472.0 3936.159686'
'644.0',
'2861.0', '2861.0 3957.614039', '2861.0 3957.499519', '2861.0 3957.273054'
[]
[]
[]
'151.0', '8.0', '370.0', '35.0', '24.0', '20.0', '14.0'
'6.0', '4.0', '159.0', '286.0', '175.0'
'3.0', '1.0', '357.0', '237.0', '2.0', '18.0'
'5.0', '448.0', '11.0', '10.0', '1.0'
'3.0', '10.0'
'1.0', '8.0', '3.0', '205.0'
'308.0', '4.0', '49.0', '156.0', '1.0', '883.0', '8.0', '27.0', '15.0', '826.0', '5.0', '28.0', '2.0', '154.0'
'2.0', '19.0'
'29.0', '19.0'
'83.0', '758.0', '485.0'
'17.0',
'310.0', '499.0'
'17.0',
[]
[]
[]
[]
[]
[]
'2.0', '51.0', '23.0', '25.0', '42.0'
'67.0', '8.0', '26.0', '159.0', '119.0', '326.0', '119.0 4193.506766'
'135.0', '1.0'
'1.0', '6.0', '4.0', '71.0', '37.0', '167.0', '33.0', '3.0', '1035.0', '48.0', '212.0', '92.0', '715.0', '64.0', '240.0', '24.0', '9.0', '72.0', '7.0', '52.0', '340.0', '34.0', '256.0', '25.0', '2080.0'
'110.0', '80.0', '7.0', '2.0', '14.0', '1.0', '568.0', '29.0', '4.0', '12.0', '6.0', '42.0', '2713.0', '545.0', '467.0', '321.0', '222.0', '15.0', '9.0', '84.0', '601.0', '141.0', '110.0 4231.227843', '8.0', '655.0', '6.0 4231.027607', '568.0 4231.562041', '50.0', '25.0', '223.0', '19.0', '1473.0', '110.0 4231.574283', '1000.0', '10.0'
'267.0', '1.0', '12.0', '233.0', '26.0', '161.0', '2.0', '5.0', '35.0', '3.0', '257.0', '194.0', '12.0 4243.820805 4243.830328'
'1.0', '7.0', '4.0', '3.0', '10.0', '2.0', '119.0', '64.0', '38.0', '82.0', '73.0', '16.0', '48.0', '39.0', '5.0', '9.0', '284.0', '20.0', '26.0', '519.0', '19.0', '148.0', '25.0', '142.0', '97.0', '731.0', '251.0', '92.0', '280.0', '22.0', '69.0', '8.0', '53.0', '23.0', '226.0', '191.0', '61.0', '95.0', '21.0', '124.0', '107.0', '6.0', '175.0', '166.0', '198.0', '66.0', '44.0', '348.0', '326.0', '220.0', '96.0', '12.0', '51.0', '41.0', '254.0', '103.0', '296.0', '15.0', '14.0', '56.0', '328.0', '1790.0', '17.0', '114.0', '469.0', '45.0', '3725.0', '321.0', '28.0', '271.0', '232.0', '225.0', '180.0', '1590.0', '150.0', '13.0', '66.0 4253.372898', '24.0', '218.0', '18.0', '111.0', '9.0 4253.216862', '9.0 4252.843748', '9.0 4252.351351', '7.0 4253.688017', '7.0 4253.654955', '7.0 4253.223382', '64.0 4253.375362', '48.0 4253.771408', '4.0 4253.660284', '37.0', '36.0', '3.0 4253.769677', '26.0 4253.839373', '2.0 4253.722117', '2.0 4253.370482', '2.0 4253.312846', '2.0 4252.860922', '175.0 4253.231596', '119.0 4250.927638', '10.0 4253.744913', '10.0 4253.720275', '1.0 4253.779732', '1.0 4253.711902'
'444.0', '1.0', '9.0', '17.0', '3.0', '88.0', '347.0', '12.0', '199.0', '534.0', '248.0', '668.0', '58.0', '251.0', '18.0', '109.0', '7.0', '462.0', '20.0', '16.0', '6.0', '2.0', '8.0', '1168.0', '286.0', '22.0', '75.0', '62.0', '43.0', '27.0', '465.0', '387.0', '202.0', '14.0', '1316.0', '94.0', '644.0', '589.0', '180.0', '9.0 4266.928068', '88.0 4267.207816', '7.0 4267.267909', '45.0', '444.0 4267.236432', '444.0 4267.152596', '444.0 4266.832129', '444.0 4266.586567', '444.0 4266.167009', '444.0 4266.155595', '4034.0', '36.0', '347.0 4266.948683', '347.0 4266.517572', '215.0', '17.0 4267.257623', '1.0 4266.903476'
'1.0', '53.0', '263.0', '3.0', '179.0', '11.0', '4.0', '5.0', '36.0', '781.0', '610.0', '560.0', '53.0 4287.136595', '263.0 4287.330004', '263.0 4287.150294', '2.0'
'21.0', '6.0', '30.0', '82.0', '241.0', '1.0', '99.0', '7.0', '28.0', '152.0', '2.0', '3.0', '10.0', '4.0', '399.0', '41.0', '5.0', '57.0', '77.0', '21.0 4303.3972', '20.0', '19.0', '21.0 4304.291688', '152.0 4304.322078', '15.0'
'1.0', '9.0', '96.0', '29.0', '7.0', '73.0', '2.0', '3.0', '97.0', '28.0', '96.0 4323.378462', '96.0 4323.338603', '96.0 4323.160464', '30.0', '1.0 4323.16872'
'29.0', '387.0', '122.0', '9.0', '1.0', '528.0', '3.0', '556.0', '129.0', '6.0', '527.0', '2.0', '14.0', '387.0 4338.749141', '387.0 4338.362253', '29.0 4338.712799'
'7.0', '38.0', '1.0', '3.0', '12.0', '6.0', '89.0', '203.0', '19.0', '238.0', '1881.0', '1.0 4355.526894', '7.0 4355.74823', '7.0 4355.72619', '38.0 4355.39462'
'3.0', '54.0', '1.0', '179.0', '4.0', '10.0', '377.0', '2.0', '5.0', '54.0 4371.550184', '3.0 4371.773287', '3.0 4371.731807', '3.0 4371.55722', '179.0 4371.785162', '179.0 4371.732459'
'109.0', '171.0', '1.0', '53.0', '165.0', '28.0', '509.0', '359.0', '20.0', '109.0 4385.706933', '109.0 4385.695195'
'1.0', '11.0', '14.0', '20.0', '28.0'
[]
[]
[]
'22.0', '2.0', '130.0', '1.0'
'1.0', '3.0'
'36.0', '230.0'
'6.0', '58.0', '207.0', '129.0', '10.0', '69.0', '3.0'
'322.0', '53.0', '1.0'
'28.0', '1.0', '2.0'
'3.0', '199.0', '991.0', '20.0', '2.0', '14.0', '1.0'
'91.0', '54.0', '70.0'
'440.0', '31.0', '19.0', '10.0', '440.0 4492.991616', '440.0 4492.86485', '440.0 4492.687503', '31.0 4492.867887'
'130.0', '11.0'
'3.0', '489.0', '254.0', '1.0', '489.0 4517.166942'
'6.0', '29.0'
'15.0', '54.0', '3.0', '9.0', '15.0 4539.68549', '54.0 4540.135504', '15.0 4540.135232', '15.0 4540.116152', '15.0 4540.109341', '15.0 4540.109143', '15.0 4539.974439 4539.992212', '15.0 4539.967466', '1.0'
'15.0', '17.0', '72.0', '15.0 4552.808891', '15.0 4552.694907'
'3.0', '44.0', '3.0 4564.781052', '35.0'
[]
[]
[]
'446.0',
'17.0', '1.0', '3.0', '25.0', '139.0', '5.0'
'361.0', '267.0', '8.0', '4.0', '34.0'
'2.0', '5.0', '4.0', '354.0'
'2.0', '1.0', '7.0', '6.0', '4.0', '35.0', '26.0'
'20.0', '2.0', '4.0', '42.0', '143.0', '1.0'
'29.0', '25.0', '1.0', '7.0', '3.0', '22.0'
'1.0', '2.0', '26.0', '3.0', '6.0', '11.0', '9.0', '35.0', '142.0', '4.0', '818.0', '7.0', '56.0', '312.0', '242.0', '232.0', '231.0', '2245.0', '14.0', '96.0', '707.0', '428.0', '348.0', '272.0', '963.0', '640.0', '625.0', '52.0', '346.0', '28.0', '268.0', '167.0', '16.0', '143.0', '1333.0', '12.0', '75.0', '696.0', '646.0', '623.0', '59.0', '452.0', '217.0 4664.951588', '217.0', '131.0'
'45.0', '3.0', '909.0'
'153.0',
'397.0',
'29.0',
'486.0',
[]
'127.0',
'4.0',
[]
'4.0',
[]
[]
'114.0', '6.0', '559.0 4798.553088', '559.0', '19.0', '164.0', '14.0'
'25.0', '24.0', '2.0', '1.0'
'251.0',
'300.0', '889.0', '16.0', '3.0', '29.0', '20.0'
'6.0', '43.0', '17.0', '14.0'
'68.0', '1837.0', '1.0', '865.0', '3.0'
'2.0', '6.0', '1.0', '26.0', '39.0', '32.0', '5.0', '37.0', '368.0', '563.0', '49.0', '204.0', '20.0', '531.0', '412.0', '31.0', '19.0', '148.0', '12.0', '42.0', '3.0', '2.0 4843.560915'
'5.0', '29.0'
'9.0', '114.0'
[]
'3.0',
'149.0',
[]
'5.0',
[]
'11.0',
[]
[]
[]
'7.0', '281.0', '188.0', '3.0', '24.0', '1.0'
'1.0', '30.0', '3.0'
'1.0', '6.0', '392.0'
'12.0', '1.0', '84.0', '6.0', '2.0', '170.0'
'1.0', '628.0', '113.0', '7.0', '12.0'
'4.0', '59.0'
'1.0', '5.0', '960.0', '385.0', '2.0'
'25.0', '2.0', '156.0', '10.0'
'4.0', '162.0', '44.0', '2.0'
'43.0',
[]
'1.0',
[]
'1.0', '123.0'
[]
[]
[]
[]
[]
'782.0', '249.0'
'2.0', '229.0', '1.0'
'318.0', '11.0', '1.0'
'1.0', '47.0'
'12.0', '3.0', '1.0', '4.0', '2.0'
'777.0', '265.0', '2.0', '12.0', '103.0'
'1.0', '2.0', '49.0'
'589.0', '5.0', '13.0', '596.0', '100.0'
'227.0', '33.0', '102.0'
'40.0', '2.0', '663.0', '14.0', '31.0', '40.0 5206.113858', '40.0 5206.111719'
'29.0', '22.0'
'3.0', '160.0'
'1.0', '94.0', '95.0', '35.0'
'84.0', '15.0'
[]
[]
[]
[]
[]
'6.0', '968.0', '266.0', '1.0'
'35.0', '286.0', '11.0', '4.0', '1.0'
'149.0', '100.0', '3.0', '2.0', '1.0'
'279.0', '3.0', '219.0', '9.0', '69.0', '1.0'
'87.0', '123.0', '1.0', '46.0', '44.0', '3.0', '29.0', '246.0'
'5.0', '6.0', '1.0', '89.0', '2.0', '847.0', '608.0', '1.0 5343.918347'
'2.0', '12.0', '1.0', '97.0', '54.0', '507.0', '33.0', '20.0', '14.0', '1.0 5346.463781'
'1.0', '2.0', '3.0', '85.0', '608.0', '36.0', '27.0'
'4.0', '1.0', '2.0', '4.0 5365.56256'
'2.0', '1582.0', '71.0', '882.0', '5.0', '10.0', '1.0', '7.0', '17.0'
'4.0', '2.0', '42.0', '5.0', '103.0', '194.0', '6.0', '1.0'
'1.0', '609.0', '79.0', '2.0', '79.0 5401.566673', '7.0'
'13.0', '1.0', '1455.0', '22.0', '175.0', '17.0', '6.0', '6.0 5413.427106', '13.0 5413.658813'
'2.0', '1.0', '119.0'
'5.0', '13.0', '4.0', '1.0'
'395.0', '46.0'
[]
[]
[]
'838.0', '785.0'
'259.0', '2.0', '1.0', '8.0', '704.0', '311.0', '2139.0', '212.0'
'1.0', '7.0'
'1.0', '691.0', '298.0', '370.0'
'737.0', '4.0', '84.0', '21.0', '1.0'
'543.0', '5.0', '18.0', '1291.0', '70.0', '1425.0'
'1.0', '4.0', '27.0', '259.0'
'241.0',
'1.0', '4.0', '246.0'
'41.0',
'1285.0',
'164.0',
'90.0', '1597.0'
[]
[]
[]
[]
[]
[]
'9.0', '8.0', '3.0', '13.0'
'28.0', '18.0', '1.0'
'2.0', '72.0'
'53.0', '3.0', '1982.0', '11.0', '1.0'
'208.0', '7.0', '3.0'
'13.0', '1.0', '4.0', '8.0', '7.0', '4.0 5689.921775', '27.0'
'545.0', '942.0', '3.0', '2.0', '174.0', '1.0', '5.0', '37.0', '125.0', '11.0'
'16.0', '5.0', '58.0', '16.0 5703.819235 5703.820055'
'6.0', '4.0', '82.0', '26.0', '6.0 5715.057515'
'484.0', '116.0', '100.0', '1.0', '3.0', '260.0'
'3.0', '1.0', '1112.0'
'583.0', '7.0', '1.0', '3.0', '6.0', '23.0', '44.0'
'135.0', '720.0'
'305.0', '23.0', '305.0 5771.037636', '14.0'
'3.0', '253.0', '107.0'
'255.0',
[]
[]
[]
'1.0',
'2.0', '8.0', '5.0'
'2.0', '1.0', '18.0'
'11.0', '4.0', '151.0', '19.0', '1.0'
'1458.0', '21.0', '863.0', '373.0'
'1.0', '34.0', '2.0'
'15.0', '76.0', '3.0', '8.0', '383.0', '37.0'
'253.0', '1.0'
'11.0', '75.0', '8.0', '5.0', '123.0', '1.0', '12.0'
'31.0', '11.0', '9.0', '212.0', '473.0', '31.0 5908.865398'
'8.0', '221.0', '1.0'
'1.0', '604.0', '21.0', '1.0 5933.137753', '604.0 5933.023986', '1.0 5933.139806'
'17.0', '65.0'
[]
'58.0',
[]
[]
'8.0',
[]
'304.0', '44.0', '245.0', '1.0', '900.0', '34.0'
'1.0', '16.0', '2.0'
'2.0', '29.0', '63.0', '223.0', '15.0', '113.0'
'34.0', '8.0', '46.0', '167.0', '1.0', '36.0', '526.0', '2.0', '125.0', '7.0', '461.0'
'187.0', '35.0', '8.0', '61.0', '1.0', '12.0', '10.0'
'21.0', '6.0', '514.0', '11.0', '1.0'
'14.0', '169.0', '108.0', '167.0', '2.0', '1077.0', '9.0', '6.0', '207.0', '14.0 6048.407858', '44.0', '3.0'
'2.0', '17.0', '65.0', '24.0'
[]
'55.0',
'1.0',
[]
[]
[]
[]
[]
[]
[]
[]
'5.0', '2.0', '15.0'
'1.0', '3.0'
'3.0', '1098.0', '4.0', '24.0', '122.0'
'373.0', '1.0', '353.0', '7.0', '50.0', '157.0'
'871.0', '8.0', '370.0', '846.0', '6.0', '3.0', '2556.0', '1946.0', '12.0'
'2.0', '5.0', '3.0', '19.0', '16.0', '159.0', '17.0', '14.0', '1.0', '7.0', '68.0', '30.0', '1153.0'
'1.0', '367.0', '312.0', '105.0', '237.0', '4.0', '11.0'
'21.0', '46.0', '83.0', '1862.0', '1.0', '144.0', '73.0', '3.0', '22.0', '339.0', '33.0', '16.0', '68.0', '39.0', '1862.0 6217.179422', '13.0', '107.0'
'5.0', '2.0', '97.0', '32.0', '13.0', '21.0', '1.0', '17.0', '14.0', '97.0 6229.610555', '2.0 6229.61541', '2.0 6229.487813', '2.0 6229.374697', '196.0'
'1.0', '2.0', '39.0', '12.0', '34.0', '200.0', '344.0'
'3.0', '5.0', '2.0', '21.0', '1.0', '54.0', '134.0', '103.0', '168.0', '12.0', '112.0', '22.0', '13.0', '3.0 6255.914971', '7.0', '3.0 6256.297934', '3.0 6256.169099', '28.0', '2.0 6256.171146', '129.0', '103.0 6256.29847', '103.0 6256.040988'
'1.0', '1685.0', '31.0', '962.0', '2.0', '5.0', '3.0', '31.0 6270.574682', '1685.0 6270.963932', '1685.0 6270.949526'
'2.0', '13.0', '183.0', '368.0', '32.0', '3.0', '676.0', '5.0', '6.0', '12.0', '1.0', '3.0 6285.00062', '13.0 6285.118196'
'6.0', '1.0', '2.0', '5.0', '3.0', '6.0 6299.101052', '238.0', '50.0', '6.0 6299.243119', '6.0 6298.83849', '5.0 6299.247815', '1.0 6299.232281', '1.0 6299.230731'
'729.0', '13.0', '32.0', '5.0', '601.0', '23.0', '729.0 6312.609162', '32.0 6312.622629', '13.0 6311.840326'
'1.0', '90.0'
[]
'3.0', '3.0 6344.421946', '3.0 6344.431057', '3.0 6344.42464'
'17.0',
'75.0', '5.0', '3.0', '184.0', '14.0'
'77.0', '32.0', '1.0', '4.0', '3.0'
'31.0', '4.0', '2.0', '217.0'
'24.0', '12.0', '1.0'
'233.0', '1.0', '777.0'
'3.0', '186.0', '80.0', '56.0'
'129.0', '3.0', '1.0', '7.0', '32.0', '11.0', '15.0'
'5.0', '36.0', '83.0'
'30.0', '95.0', '135.0', '560.0', '8.0', '132.0', '7.0', '6.0', '25.0', '5.0', '6.0 6430.021787', '5.0 6430.68033', '32.0'
'6.0', '83.0', '3.0', '211.0', '67.0', '48.0', '5.0', '36.0', '412.0', '392.0', '83.0 6444.639732', '6.0 6444.629198', '12.0'
'5.0', '27.0', '198.0', '466.0', '3.0', '2.0', '1278.0', '171.0', '8.0', '99.0', '155.0', '86.0', '198.0 6459.191315', '171.0 6459.322342', '5.0 6459.328605', '198.0 6459.19188', '121.0'
'3.0', '388.0', '8.0', '6.0', '200.0', '12.0', '421.0', '54.0', '1386.0'
'831.0', '364.0', '6.0', '7.0', '136.0', '8.0', '787.0', '3.0', '2344.0', '831.0 6487.371849', '7.0 6487.366977', '1.0'
'234.0', '17.0', '788.0', '2.0', '234.0 6498.981645', '234.0 6498.980626'
'2.0', '317.0', '340.0', '1647.0', '3.0', '340.0 6511.362119', '2.0 6511.024783', '1647.0 6511.24636'
[]
[]
[]
[]
'8.0', '27.0', '10.0', '2.0', '19.0', '1.0', '6.0', '118.0'
'4.0', '6.0', '1.0', '5.0', '328.0', '2.0'
'2.0', '84.0', '9.0', '581.0', '2475.0', '1.0'
'1.0', '26.0', '5.0', '139.0', '66.0', '32.0', '307.0', '3.0', '271.0', '908.0', '7.0', '4.0', '1046.0', '10.0', '6.0', '48.0', '22.0', '156.0', '140.0', '501.0', '298.0', '232.0', '82.0', '462.0', '42.0', '27.0', '195.0', '18.0', '14.0', '119.0'
'32.0', '5.0', '52.0', '14.0', '53.0', '6.0', '10.0', '3.0', '15.0', '7.0', '42.0', '19.0', '18.0', '86.0', '527.0', '1.0', '678.0', '61.0', '4.0', '37.0', '22.0', '2.0', '166.0', '16.0', '12.0'
'2.0', '60.0', '1.0', '4.0', '134.0', '8.0', '71.0', '9.0', '3.0', '61.0', '205.0', '306.0', '17.0', '653.0', '44.0', '12.0', '56.0', '30.0', '21.0', '70.0', '38.0', '7.0', '517.0', '295.0', '1151.0', '10.0', '588.0', '239.0', '2.0 6611.112986', '2.0 6610.966121', '15.0', '108.0'
'56.0', '51.0', '66.0', '7.0', '6.0', '1.0', '1014.0', '10.0', '2.0', '4.0', '73.0', '34.0', '3.0', '829.0', '22.0', '591.0', '5.0', '21.0', '20.0', '9.0', '88.0', '11.0', '56.0 6618.230584', '45.0', '287.0', '276.0', '196.0', '144.0'
'32.0', '245.0', '4.0', '7.0', '3.0', '14.0', '123.0', '2408.0', '43.0', '32.0 6629.828386', '291.0', '2.0', '1.0', '32.0 6630.024494', '32.0 6629.854955', '32.0 6629.828924', '265.0', '150.0'
'56.0', '8.0', '128.0', '380.0', '1.0', '919.0', '11.0', '656.0', '103.0', '36.0', '3.0', '104.0', '8.0 6644.092038', '56.0 6644.799433', '56.0 6644.528672', '380.0 6644.300969', '380.0 6643.790868', '128.0 6644.875552', '128.0 6644.072122'
'104.0', '34.0', '1.0', '832.0', '8.0'
'172.0',
'51.0', '258.0', '18.0', '30.0', '15.0', '113.0', '51.0 6677.28126', '2.0'
'51.0', '1303.0', '570.0'
'28.0', '46.0', '1.0'
'7.0', '8.0', '3.0', '173.0'
[]
[]
[]
[]
'9.0', '4.0', '201.0', '2.0'
'1.0', '137.0', '53.0', '5.0', '11.0'
'5.0', '22.0', '1134.0', '4.0', '2.0', '12.0'
'79.0', '3.0', '72.0', '65.0', '6.0'
'3.0', '15.0'
'110.0', '67.0', '631.0', '184.0'
'27.0', '87.0', '137.0', '7.0', '34.0', '13.0'
'15.0', '152.0', '3.0', '541.0', '2.0', '7.0', '6.0', '46.0', '41.0'
'7.0', '513.0', '45.0', '31.0', '14.0'
'88.0', '24.0', '544.0', '107.0', '82.0', '23.0', '3.0', '13.0', '6.0', '111.0', '48.0', '225.0', '132.0', '12.0', '544.0 6820.852174', '24.0 6820.852503'
'46.0', '2.0'
'45.0', '179.0', '138.0', '106.0', '2.0', '111.0', '11.0', '45.0 6843.85996', '106.0 6843.749699', '105.0', '1.0'
'3.0', '4.0'
'67.0', '17.0', '3.0', '11.0'
'187.0', '352.0', '83.0', '44.0', '133.0', '83.0 6876.299134', '132.0'
'440.0',
[]
[]
[]
'4.0', '1197.0', '1.0', '50.0', '39.0', '198.0', '11.0', '9.0', '406.0'
'4.0', '23.0', '2.0', '6.0', '5.0', '96.0', '239.0'
'1.0', '966.0', '262.0', '1405.0', '3.0', '19.0', '278.0', '51.0'
'2.0', '57.0', '46.0', '285.0', '4.0', '560.0', '11.0', '13.0', '83.0', '121.0', '8.0', '39.0', '6.0', '497.0', '2745.0', '10.0', '17.0', '349.0', '74.0', '553.0', '3.0', '165.0', '1.0', '62.0', '332.0', '310.0', '110.0', '16.0', '57.0 6964.450948', '57.0 6963.711187', '56.0', '475.0', '45.0', '410.0', '34.0', '285.0 6964.47415', '282.0', '2.0 6964.328075', '16.0 6964.462097', '1526.0', '12.0'
'2.0', '16.0', '10.0', '177.0', '11.0', '4.0', '302.0', '38.0', '8.0', '414.0', '1487.0', '902.0', '13.0', '1097.0', '44.0', '32.0', '2.0 6971.472927', '1.0'
'2.0', '4.0', '83.0', '28.0', '368.0', '74.0', '11.0', '10.0', '1.0', '317.0', '87.0', '222.0', '110.0', '654.0', '39.0', '36.0', '17.0', '96.0', '304.0', '57.0', '5.0', '40.0', '322.0', '125.0', '119.0', '114.0', '56.0', '77.0', '7.0', '12.0', '1195.0', '1123.0', '6.0', '51.0', '30.0', '29.0', '2.0 6978.36527', '131.0', '8.0', '74.0 6978.344729', '58.0', '53.0', '50.0', '4.0 6978.214523', '27.0', '242.0', '2362.0', '215.0', '213.0', '20.0', '2.0 6978.357469', '2.0 6978.206224', '2.0 6978.078634', '153.0'
'2.0', '182.0', '83.0', '11.0', '61.0', '4.0', '10.0', '53.0', '52.0', '177.0', '133.0', '13.0', '51.0', '117.0', '761.0', '1033.0', '961.0', '402.0', '126.0', '410.0', '14.0', '1.0', '551.0', '340.0', '29.0', '86.0', '737.0', '62.0', '456.0', '45.0', '3.0'
'199.0', '2.0', '19.0', '170.0', '1.0', '8.0', '14.0', '5.0', '29.0', '320.0', '3.0', '10.0', '7.0', '40.0', '156.0', '240.0', '23.0', '104.0', '83.0', '375.0', '341.0', '302.0', '276.0', '100.0'
'9.0',
'195.0', '579.0', '45.0', '30.0', '18.0', '8.0', '7.0', '18.0 7006.515783', '2033.0', '1.0'
'19.0',
'2.0', '233.0', '15.0', '457.0', '456.0'
'15.0', '7.0'
'223.0',
[]
[]
[]
[]
[]
'105.0', '5.0', '2.0'
'311.0', '1.0', '4.0', '7.0', '206.0'
'66.0', '1.0', '2.0'
'1.0', '59.0', '376.0', '161.0', '6.0', '457.0', '3.0', '102.0', '9.0', '36.0', '26.0', '21.0', '438.0', '23.0', '20.0'
'1.0', '9.0', '14.0', '4.0', '359.0', '98.0', '51.0', '7.0', '369.0', '709.0', '8.0', '73.0', '5.0', '61.0', '6.0', '145.0', '1168.0', '595.0', '412.0', '84.0', '3.0', '1.0 7147.011048', '1.0 7146.999923'
'1.0', '9.0', '14.0', '6.0', '126.0', '84.0', '7.0', '5.0', '1.0 7154.148424'
'1.0', '7.0', '4.0', '66.0', '6.0', '17.0', '211.0', '55.0', '31.0', '147.0', '9.0', '28.0', '1.0 7160.590375'
'1.0', '9.0', '5.0', '2.0', '74.0', '19.0', '511.0', '7.0', '1.0 7173.110658', '1.0 7173.057756', '1.0 7172.212204'
'1.0', '25.0', '3.0', '4.0', '1.0 7185.792849', '25.0 7185.954517', '1.0 7185.953945'
'1.0', '1052.0', '29.0', '681.0', '21.0', '1.0 7199.70349', '1.0 7199.43776'
'993.0', '1.0', '1522.0', '156.0'
'126.0', '1.0', '4.0'
'812.0', '5.0', '77.0', '593.0', '77.0 7239.594755', '77.0 7239.160747'
'9.0', '116.0', '75.0', '1.0', '54.0', '9.0 7252.067633', '9.0 7252.067278', '9.0 7251.81311', '116.0 7252.075292'
'1.0', '7.0', '1.0 7262.42558', '1.0 7263.760155', '1.0 7263.755286', '1.0 7263.615505', '1.0 7263.288982'
[]
[]
[]
[]
'3.0', '128.0', '102.0'
'71.0', '30.0', '81.0', '58.0', '302.0', '3.0', '1.0', '8.0', '471.0', '19.0'
'13.0', '10.0', '1.0', '406.0', '104.0'
'14.0', '63.0', '267.0', '25.0', '1247.0', '102.0', '1.0'
'20.0',
'1.0', '173.0', '114.0', '5.0'
'1.0', '7.0', '5.0', '35.0', '26.0', '19.0', '901.0', '68.0', '67.0', '2.0', '150.0', '134.0', '121.0', '1099.0', '100.0', '10.0'
'71.0', '79.0', '45.0', '24.0 7353.011484', '24.0', '1.0'
'5781.0', '4.0', '2.0'
'6.0', '114.0'
'25.0',
'969.0', '14.0'
'4.0', '15.0'
'116.0',
[]
[]
[]
[]
[]
'1.0', '11.0', '1087.0', '10.0'
'26.0', '2.0', '1442.0', '1.0'
'67.0', '406.0', '36.0', '1.0', '559.0', '36.0 7494.682768', '10.0'
'398.0', '360.0', '13.0'
'1163.0', '2.0'
'16.0', '8.0', '117.0', '1.0'
'478.0', '1.0', '135.0'
'1110.0', '10.0'
'1.0', '792.0', '2.0'
'1.0',
'3.0',
[]
[]
[]
[]
[]
'1.0',
[]
[]
'2.0', '1920.0', '12.0'
'871.0', '77.0', '2.0', '41.0'
'2.0', '245.0', '58.0'
'577.0', '140.0', '47.0', '2.0', '14.0', '1082.0', '1.0'
'654.0', '74.0', '12.0', '36.0', '107.0', '95.0', '8.0', '15.0'
'5.0', '166.0', '11.0', '4.0', '623.0', '1.0', '2.0'
'2.0', '16.0', '36.0', '1.0', '24.0', '13.0', '94.0', '108.0', '14.0', '31.0', '142.0', '146.0', '396.0', '2315.0', '118.0'
'327.0', '36.0', '348.0', '1.0', '798.0', '20.0', '55.0', '108.0', '2.0', '18.0', '72.0', '66.0', '348.0 7705.077455', '14.0', '1.0 7705.079959', '348.0 7705.139862', '348.0 7704.433574', '34.0', '327.0 7705.078611', '1.0 7704.86344'
'1.0', '85.0', '1374.0', '684.0', '1.0 7721.382394', '229.0', '126.0', '1.0 7721.450932', '1.0 7721.427173', '1.0 7721.393795', '1.0 7721.375677'
'1.0', '199.0', '3.0', '253.0', '202.0', '30.0', '186.0', '1507.0', '2.0', '146.0', '1.0 7731.080147', '3.0 7730.271051 7730.607896', '202.0 7731.274327', '199.0 7730.757054', '186.0 7731.115034', '1.0 7731.285307'
'8.0', '1.0', '13.0', '543.0', '55.0', '37.0', '2.0', '8.0 7743.586612', '8.0 7742.908856'
'1.0', '2.0'
'1.0', '2.0', '1.0 7767.070307', '1.0 7766.938882', '1.0 7766.922847', '1.0 7766.479734', '2.0 7767.098469', '1.0 7766.770077'
'668.0', '237.0', '462.0', '285.0'
'24.0',
[]
[]
[]
[]
'464.0', '47.0', '280.0', '2.0'
'4.0', '9.0', '49.0', '3.0', '17.0', '7.0', '68.0', '28.0', '2.0'
'60.0', '5.0', '2.0', '1.0', '69.0', '4.0'
'57.0', '409.0', '97.0', '4.0', '3.0'
'24.0', '234.0'
'2.0', '1.0', '62.0', '7.0', '5.0', '96.0', '80.0', '3.0', '297.0', '19.0', '167.0', '1044.0'
'1.0', '3.0', '25.0', '230.0', '329.0'
'1.0', '7.0', '3.0', '20.0'
'1220.0', '2.0', '7.0', '4.0'
'5.0', '2.0', '2495.0'
'2.0', '988.0', '616.0'
'2.0', '82.0', '11.0', '10.0', '69.0'
'425.0', '4.0'
'10.0', '221.0'
'38.0', '2.0'
[]
[]
'16.0',
[]
'100.0', '9.0'
'2.0', '965.0'
'3.0', '4.0', '251.0', '10.0'
'239.0', '6.0', '32.0', '3.0', '12.0'
'15.0', '79.0', '5.0', '844.0', '363.0', '9.0', '44.0'
'64.0', '31.0', '11.0', '419.0', '4.0', '168.0', '1.0', '70.0', '241.0', '2.0', '10.0'
'1185.0', '1.0', '8.0', '6.0', '542.0', '25.0', '166.0'
'962.0', '425.0', '14.0', '6.0', '2.0', '11.0', '100.0', '1.0'
'2.0', '5.0', '21.0', '410.0', '11.0', '3.0'
'124.0', '2.0', '132.0', '19.0'
'167.0', '21.0', '307.0', '14.0'
'47.0', '36.0', '76.0'
[]
'373.0', '32.0'
'39.0',
'10.0', '1.0'
[]
'21.0', '951.0'
[]
'3.0',
'1.0', '3.0', '33.0', '7.0', '69.0', '1.0 8200.029916'
'740.0', '4.0', '6.0', '198.0', '1.0'
'1.0', '300.0', '4.0', '66.0', '2.0'
'128.0', '1.0', '30.0', '15.0'
'117.0', '1.0', '71.0'
'8.0', '56.0', '58.0', '78.0', '39.0', '293.0', '28.0', '14.0'
[]
[]
'7.0',
'13.0',
'3.0', '8.0'
[]
'156.0',
[]
'2.0',
'373.0',
[]
[]
'1.0', '7.0', '815.0'
'78.0', '548.0', '31.0'
'5.0', '9.0', '226.0'
'52.0', '60.0', '4.0', '272.0', '15.0', '12.0', '1.0'
'1.0', '11.0', '61.0'
'9.0', '3.0', '25.0', '44.0', '2.0'
'1.0', '46.0', '2.0', '9.0', '981.0', '4532.0', '8.0', '6.0', '5.0', '11.0', '43.0', '437.0', '3.0', '26.0', '174.0', '16.0', '25.0', '12.0', '1180.0', '35.0', '14.0', '106.0', '103.0'
'1.0', '3.0', '6.0', '2.0', '831.0', '11.0', '689.0', '282.0', '4.0', '163.0', '16.0', '143.0', '1237.0', '40.0', '332.0', '5.0', '418.0', '25.0', '23.0', '14.0', '51.0', '47.0', '45.0', '34.0', '19.0', '13.0', '1.0 8401.006786'
'84.0', '64.0', '24.0'
'447.0', '3.0', '1077.0'
'34.0', '1.0', '261.0', '92.0', '24.0', '301.0'
[]
'1.0', '66.0', '78.0', '185.0', '385.0', '1.0 8443.251197'
'129.0',
'1.0',
[]
[]
[]
[]
'47.0', '3.0', '280.0', '158.0', '11.0'
'13.0', '28.0', '10.0'
'3.0',
'8.0', '1.0'
'3.0', '783.0', '28.0', '109.0'
'4.0', '156.0', '11.0'
'2.0', '4.0', '1.0', '498.0'
'1.0', '250.0', '28.0', '14.0'
'2.0', '4.0', '45.0', '23.0', '2.0 8577.047742', '2.0 8576.923814'
'2.0', '5.0', '571.0', '3.0', '4.0', '2.0 8590.615097'
'2.0', '21.0', '3.0', '1.0', '2.0 8603.507771', '12.0'
'15.0', '1.0', '16.0', '2.0', '15.0 8615.127492', '1.0 8615.126237', '1.0 8615.118975', '1.0 8615.118483', '1.0 8615.006689'
'109.0', '1.0', '196.0', '109.0 8627.724974', '3.0', '109.0 8627.595033'
'1.0', '2.0', '8.0'
'3.0', '2.0', '1.0', '3.0 8651.389674'
[]
[]
'23.0',
[]
'2.0', '7.0', '33.0', '287.0'
'68.0', '62.0', '7.0', '50.0', '152.0', '1.0'
'3.0', '2.0'
'41.0', '62.0', '5.0', '11.0'
'5.0', '4.0', '1658.0'
'395.0', '16.0'
'232.0', '945.0', '79.0', '76.0', '85.0'
'5.0', '14.0'
'14.0',
[]
[]
'532.0', '14.0'
[]
[]
'137.0',
[]
[]
[]
[]
'2.0',
'4.0', '127.0', '6.0', '551.0'
'6.0', '5.0', '13.0'
'2.0', '382.0', '23.0', '91.0', '47.0'
'91.0', '2.0', '163.0', '327.0'
'5.0', '26.0'
'7.0', '86.0', '76.0', '12.0', '1.0'
'387.0', '21.0', '17.0', '805.0', '304.0', '2422.0', '9.0', '647.0', '6.0', '36.0', '2.0', '10.0', '1.0'
'18.0',
'3.0', '23.0'
'53.0', '5.0', '3.0'
'50.0', '229.0'
'3.0', '117.0'
'24.0', '1.0'
'8.0', '68.0', '72.0'
[]
[]
[]
[]
'62.0', '8.0', '115.0', '67.0', '1.0', '5.0'
'1.0', '611.0', '4.0'
'1.0', '3.0', '4.0', '27.0'
'8.0', '6.0', '1.0', '282.0', '458.0', '322.0', '3.0', '29.0', '164.0', '15.0'
'1.0', '15.0', '3.0', '2.0', '110.0', '8.0', '5.0', '26.0', '123.0', '647.0', '4.0', '12.0', '102.0'
'1.0', '27.0', '5.0', '3.0', '23.0', '2.0', '80.0'
'3.0', '1.0', '4.0', '2.0', '56.0', '191.0', '53.0', '242.0', '8.0', '338.0', '756.0', '51.0', '32.0', '300.0', '29.0', '111.0', '983.0', '73.0', '39.0', '2.0 9098.556428', '129.0', '102.0'
'13.0', '628.0', '4.0', '16.0', '14.0'
'25.0',
'2596.0', '2.0', '1.0'
'947.0',
[]
'2.0',
'30.0',
'38.0',
[]
[]
[]
[]
'46.0', '9.0', '1.0', '721.0 9235.722641', '721.0', '1737.0'
'16.0', '2.0', '9.0', '511.0', '30.0', '1.0'
'3.0', '5.0', '59.0', '30.0'
'1.0', '7.0', '289.0', '10.0'
'86.0', '466.0', '22.0'
'5.0', '30.0', '20.0', '114.0'
'1.0', '351.0', '96.0', '2.0', '74.0', '41.0', '1389.0'
'104.0', '797.0', '44.0', '44.0 9282.950269', '44.0 9282.950269 9284.317326', '104.0 9285.218887', '104.0 9285.21402', '104.0 9285.099473'
'105.0', '56.0', '1.0', '874.0', '57.0', '105.0 9298.933022', '105.0 9298.952464', '105.0 9298.948549', '105.0 9298.640431', '105.0 9298.356135'
'2.0', '116.0', '5.0', '2.0 9310.79896'
'1.0', '225.0', '78.0', '25.0', '2.0', '1.0 9327.962302', '1.0 9327.948693', '1.0 9327.94771', '1.0 9327.946799', '1.0 9327.924542', '1.0 9327.917641', '1.0 9327.881211', '1.0 9327.608066', '1.0 9327.407601', '1.0 9326.57787'
'43.0', '1.0', '31.0', '58.0', '42.0'
'1.0', '1.0 9354.308404', '1.0 9354.358202', '1.0 9354.518902', '1.0 9354.508981', '1.0 9354.362858', '1.0 9354.331886', '1.0 9354.322646', '1.0 9354.306934 9354.555732', '1.0 9354.306934', '1.0 9354.159339', '1.0 9354.144609', '1.0 9354.115547', '1.0 9354.10958'
'115.0', '115.0 9365.753092'
'1.0', '73.0', '1.0 9376.754557', '73.0 9376.770807', '1.0 9376.891695'
[]
'284.0',
[]
[]
'1.0', '25.0', '10.0'
'1.0', '69.0'
'30.0', '3.0', '413.0', '4.0', '13.0'
'6.0', '176.0', '10.0'
'112.0', '68.0', '55.0', '47.0'
'79.0', '65.0', '6.0', '407.0', '210.0'
'3.0', '1.0', '961.0', '13.0', '12.0'
'1.0', '198.0', '480.0', '101.0'
'40.0', '63.0', '430.0', '19.0 9480.044431', '19.0', '390.0 9479.845681', '390.0'
'1.0', '17.0', '25.0'
[]
'1222.0', '3.0', '4.0', '1.0', '83.0', '12.0'
'10.0', '6.0', '1.0'
'1.0', '2.0', '9.0', '2.0 9537.636929'
'29.0',
[]
[]
[]
[]
'17.0',
'2.0', '47.0', '361.0'
'76.0', '229.0', '2.0', '11.0'
'4.0', '737.0', '384.0', '2.0', '4.0 9624.449517', '2454.0'
'290.0', '9.0', '70.0'
'1220.0', '260.0', '1.0'
'162.0', '219.0', '15.0', '54.0', '533.0', '253.0', '1125.0', '711.0', '7.0', '33.0', '83.0', '6.0', '5.0', '30.0', '20.0', '2.0', '149.0', '14.0', '10.0', '1.0'
'5.0', '35.0', '1364.0', '2.0', '4.0', '31.0', '35.0 9642.397789'
'15.0', '5.0', '98.0', '50.0', '1858.0', '26.0', '2.0', '19.0', '15.0 9654.295637', '15.0 9655.290708'
'15.0', '5.0', '108.0', '100.0', '8.0', '5.0 9667.858249', '18.0', '114.0'
'5.0', '4.0', '88.0', '2.0', '49.0', '14.0', '271.0', '1.0', '5.0 9680.940974', '5.0 9680.418309', '4.0 9680.959214', '29.0'
'253.0', '34.0', '39.0', '5.0', '35.0', '88.0', '253.0 9694.789971'
'36.0', '511.0', '6.0', '16.0', '75.0', '132.0', '2.0', '1.0'
'55.0', '5.0', '79.0', '10.0', '8.0', '19.0', '14.0', '55.0 9720.524212', '55.0 9720.523334', '55.0 9720.510351'
'36.0', '171.0', '16.0', '437.0', '1.0', '7.0', '37.0', '70.0', '171.0 9735.227859'
'5.0', '462.0', '200.0', '8.0', '462.0 9745.572752'
[]
[]
[]
'5.0', '131.0', '2.0'
'12.0', '8.0', '25.0', '1.0'
'7.0', '9.0', '4.0', '893.0'
'546.0', '278.0', '18.0', '3.0'
'129.0', '554.0', '44.0', '9.0', '424.0', '2.0', '308.0', '83.0', '7.0', '6.0', '5.0', '16.0', '13.0', '8.0', '57.0', '167.0', '16.0 9827.470724'
'2.0', '8.0', '1.0', '18.0', '1392.0', '12.0'
'1.0', '11.0', '527.0', '2.0', '1256.0', '24.0', '5.0', '14.0', '12.0', '91.0', '22.0', '399.0', '311.0', '13.0', '29.0', '18.0', '80.0', '3.0', '155.0', '7.0', '288.0', '92.0', '66.0', '444.0', '383.0', '1334.0', '119.0', '10.0'
'3753.0', '402.0', '14.0', '545.0', '2.0', '24.0', '1.0', '180.0', '5.0', '433.0', '13.0', '185.0', '12.0', '1007.0', '8.0', '4.0', '3.0'
'7.0', '3.0', '4.0', '36.0', '1.0', '415.0', '129.0', '7.0 9864.41045'
'192.0', '3.0', '1214.0', '791.0', '440.0', '43.0', '258.0', '102.0'
'1.0', '471.0', '14.0', '7.0', '41.0', '66.0', '609.0', '3.0', '22.0', '1.0 9882.112509'
'1.0', '865.0'
'1.0', '11.0', '274.0', '82.0', '701.0', '3.0', '1411.0'
'3.0', '17.0', '84.0'
[]
'2014.0',
'3.0',
[]
[]
'123.0', '1.0', '4.0', '3.0', '19.0', '189.0', '1284.0'
'1590.0', '41.0'
'20.0', '42.0', '4.0', '3.0', '14.0'
'94.0', '3.0'
'23.0', '2.0', '1.0', '5.0'
'46.0',
'6.0', '51.0', '122.0', '1.0', '86.0', '2.0', '114.0', '573.0', '336.0', '632.0', '58.0', '54.0', '79.0', '6.0 10015.225045', '237.0'
'628.0', '20.0', '33.0', '206.0', '15.0', '130.0'
'48.0', '66.0', '27.0', '683.0', '1.0', '481.0', '51.0'
'1.0', '12.0', '65.0', '4.0', '7.0', '8.0', '2.0', '112.0', '45.0', '3.0', '652.0', '37.0', '356.0', '187.0', '10.0'
'6.0', '437.0', '17.0', '13.0', '5.0', '31.0', '169.0', '13.0 10052.389286', '77.0', '6.0 10052.249166', '4.0', '17.0 10052.385755', '1.0'
'62.0', '6.0', '175.0', '145.0', '1.0', '4.0', '62.0 10068.253813', '62.0 10068.089582', '6.0 10068.248859'
'242.0', '1.0', '68.0', '173.0', '2.0'
'211.0', '64.0', '61.0', '1.0', '522.0', '33.0'
'4724.0', '35.0', '188.0', '31.0', '12.0', '4724.0 10104.652078', '4724.0 10104.348317'
'86.0',
[]
[]
[]
'8.0', '1.0', '48.0', '41.0'
'1.0', '6.0', '12.0', '1.0 10164.707343'
'1.0', '795.0', '19.0', '41.0 10175.951849', '41.0'
'176.0', '46.0', '4.0', '380.0', '250.0', '1752.0'
'24.0', '83.0', '52.0'
'16.0', '1065.0', '8.0'
'194.0', '202.0'
'6.0', '3.0', '16.0', '346.0', '90.0', '51.0', '2.0', '190.0', '10.0'
'15.0', '171.0', '1.0'
'13.0', '181.0'
'6.0', '3.0'
[]
'6.0',
'99.0', '152.0', '1.0'
'69.0',
[]
[]
[]
[]
'12.0', '244.0', '123.0', '225.0', '311.0', '28.0', '1079.0', '310.0', '12.0 10328.446602', '7.0', '308.0'
'277.0', '1348.0', '12.0', '801.0', '123.0', '35.0', '287.0', '2.0', '67.0', '49.0', '29.0', '962.0', '35.0 10352.985857', '277.0 10352.215391', '1348.0 10352.903697', '12.0 10352.96783', '12.0 10352.960562', '12.0 10352.865124', '12.0 10352.85121'
'35.0', '770.0', '29.0', '62.0', '12.0', '1.0', '2.0', '14.0', '770.0 10370.954081', '770.0 10370.669026', '770.0 10370.457037', '761.0', '35.0 10370.942031', '35.0 10370.884007', '35.0 10370.883819', '35.0 10370.664627', '35.0 10370.46245', '29.0 10370.950802', '159.0', '12.0 10370.896033', '1.0 10370.73488'
'7.0', '770.0', '4.0', '89.0', '48.0', '114.0', '583.0', '39.0', '82.0', '12.0', '700.0', '55.0', '1242.0', '50.0', '209.0', '102.0', '63.0', '62.0', '432.0', '57.0', '19.0', '6.0', '2.0', '729.0', '509.0', '3099.0', '260.0', '15.0', '111.0', '761.0', '31.0', '38.0', '32.0', '274.0', '26.0', '1.0', '649.0', '413.0', '321.0', '30.0', '281.0', '27.0', '1995.0', '14.0', '77.0', '749.0', '34.0', '29.0', '225.0', '203.0', '18.0', '13.0', '11.0'
'7.0', '2.0', '6.0', '42.0', '77.0', '4.0', '39.0', '1404.0', '14.0', '12.0', '304.0', '51.0', '26.0', '25.0', '15.0', '2150.0', '585.0', '18.0', '50.0', '28.0', '31.0', '16.0', '115.0', '82.0', '751.0', '613.0', '19.0', '1881.0', '35.0', '237.0', '1648.0', '10.0', '351.0', '260.0', '127.0', '877.0', '62.0', '542.0', '111.0', '38.0', '27.0', '1480.0', '1356.0', '917.0', '421.0', '3.0', '29.0', '2315.0', '224.0', '13.0', '1109.0', '95.0', '9.0', '49.0', '2846.0', '1.0', '77.0 10381.884556', '753.0', '57.0', '51.0 10381.903154', '422.0', '287.0', '274.0', '22.0', '218.0', '167.0', '1589.0', '123.0', '115.0 10381.867717'
'7.0', '107.0', '29.0', '26.0', '73.0', '15.0', '95.0', '62.0', '55.0', '6.0', '299.0', '2148.0', '20.0', '54.0', '13.0', '28.0', '4.0', '497.0', '19.0', '48.0', '305.0', '229.0', '50.0', '39.0', '269.0', '14.0', '119.0', '226.0', '12.0', '328.0', '31.0', '116.0', '926.0', '22.0', '71.0', '248.0', '2.0', '917.0', '462.0', '372.0', '34.0', '27.0', '193.0', '35.0', '16.0', '38.0', '802.0', '679.0', '57.0', '287.0', '5.0', '278.0', '25.0', '132.0', '124.0', '7.0 10387.7566', '67.0', '66.0', '48.0 10387.77075', '298.0', '219.0', '193.0 10387.765889'
'2.0', '14.0', '6.0', '11.0', '1053.0', '170.0', '18.0', '15.0', '4.0', '9.0', '114.0', '28.0', '33.0', '307.0', '183.0', '12.0', '1.0', '1014.0', '888.0', '7.0', '26.0', '19.0', '66.0', '286.0', '32.0', '266.0', '16.0', '39.0', '241.0', '220.0', '119.0', '102.0', '77.0', '22.0', '88.0', '348.0', '468.0', '29.0', '25.0', '81.0', '650.0', '5.0', '49.0', '187.0', '163.0', '152.0', '1217.0', '940.0', '548.0', '302.0', '221.0', '211.0', '107.0', '730.0', '38.0', '3.0', '155.0', '114.0 10391.540159', '112.0', '9.0 10391.402342', '856.0', '573.0', '479.0', '47.0', '430.0', '35.0', '307.0 10391.726854', '286.0 10391.714323', '21.0', '145.0', '1310.0', '105.0'
'7.0', '418.0', '48.0', '143.0', '18.0', '244.0', '28.0', '72.0', '50.0', '2.0', '4.0', '35.0', '322.0', '80.0', '396.0', '14.0', '63.0', '19.0', '1.0', '7.0 10400.492708', '7.0 10400.490566', '7.0 10400.483057', '7.0 10399.161556', '418.0 10400.494758', '336.0'
'123.0', '1.0', '6.0', '7.0', '117.0', '2.0', '81.0', '11.0', '39.0', '394.0', '41.0', '5.0', '3.0', '22.0', '12.0', '7.0 10409.111633', '36.0'
'48.0', '1.0', '28.0', '437.0', '59.0', '7.0', '436.0'
'35.0', '23.0', '183.0', '2.0', '813.0', '9.0', '170.0', '23.0 10429.939318', '23.0 10429.819301'
'7.0', '25.0', '46.0', '28.0', '104.0', '729.0'
'39.0', '31.0', '193.0'
'9.0', '1.0', '33.0', '1.0 10463.789781'
'9.0', '49.0'
'47.0',
[]
[]
[]
'1.0', '545.0', '44.0', '4.0'
'2.0', '87.0', '6.0', '51.0', '28.0', '1055.0'
'805.0', '1.0', '4.0', '7.0', '2.0', '1206.0'
'1.0', '83.0', '568.0', '51.0', '82.0', '31.0', '12.0', '19.0', '126.0', '117.0'
'8.0', '376.0', '156.0'
'5.0', '88.0', '561.0', '240.0', '14.0', '880.0', '2543.0', '1.0'
'3.0', '1.0', '258.0', '22.0', '174.0'
'1.0', '2.0', '71.0', '7.0', '214.0', '9.0', '6.0', '54.0'
'7.0', '17.0', '32.0', '8.0', '14.0'
'7.0', '26.0', '12.0', '18.0', '66.0', '6.0', '112.0', '1.0', '73.0', '44.0', '37.0', '99.0', '154.0', '13.0'
'1.0', '999.0', '133.0', '6.0', '1042.0'
'6.0', '772.0'
'691.0', '3.0', '443.0', '12.0', '11.0', '1.0', '17.0'
'13.0', '42.0', '510.0', '5.0', '3.0', '1014.0'
[]
'454.0', '1.0', '17.0'
[]
[]
[]
'6.0', '21.0', '1229.0'
'28.0', '6.0', '15.0', '13.0', '16.0', '1.0'
'7.0', '1.0', '54.0', '499.0', '39.0', '35.0', '9.0'
'261.0', '13.0', '1.0', '95.0', '597.0', '533.0', '21.0', '1508.0'
'25.0', '3.0', '28.0', '1285.0', '8.0', '41.0', '2.0', '1.0'
'1.0', '357.0', '16.0', '42.0', '621.0', '5.0'
'4.0', '696.0', '3.0', '164.0', '5.0', '427.0', '2.0', '10.0', '1.0'
'1.0', '201.0', '7.0', '9.0', '2.0', '97.0', '26.0', '201.0 10786.913155'
'1.0', '7.0', '3.0', '484.0', '4.0', '37.0', '238.0', '36.0', '269.0', '2527.0', '66.0', '16.0', '5.0', '246.0', '1977.0'
'304.0', '2.0', '1741.0', '51.0', '165.0', '1.0', '16.0', '491.0', '42.0', '453.0', '5.0', '19.0', '60.0', '539.0', '519.0', '165.0 10817.339841', '519.0 10817.370086', '491.0 10817.347011', '44.0', '4.0', '2.0 10817.36158', '1741.0 10817.190976', '16.0 10817.342005', '106.0'
'115.0', '108.0', '314.0', '653.0', '38.0', '1.0', '7.0', '3.0', '6.0', '99.0', '128.0', '251.0', '2.0', '16.0', '111.0', '108.0 10831.064139', '7.0 10831.178966', '3.0 10831.18662'
'1.0', '4.0', '45.0', '111.0', '7.0', '90.0', '10.0', '108.0', '6.0', '61.0', '20.0', '71.0', '4.0 10846.21994', '265.0'
'1721.0', '177.0', '1.0', '61.0', '508.0', '6.0', '2.0', '408.0', '31.0', '17.0', '98.0', '9.0', '5.0'
'28.0', '259.0', '33.0', '1.0', '21.0', '1660.0', '2.0', '206.0', '684.0', '1538.0', '3.0', '176.0', '13.0', '74.0'
'1.0', '2.0', '32.0', '19.0', '369.0', '17.0', '330.0', '254.0', '187.0', '1.0 10887.857787'
'2.0', '2.0 10898.51693', '17.0'
'1.0',
[]
[]
'1.0', '5.0'
'6.0', '5.0', '4.0', '3.0'
'886.0', '60.0', '1.0'
'40.0', '4.0', '108.0', '6.0', '3.0', '28.0', '2.0'
'2.0', '6.0', '41.0'
'131.0', '3.0', '1195.0', '1466.0'
'2.0', '63.0', '72.0', '29.0', '100.0'
'1.0', '1071.0'
'629.0', '1.0', '5.0'
'35.0', '4.0'
[]
'1.0',
'71.0', '8.0', '111.0', '158.0', '1.0'
[]
'1139.0', '1.0'
[]
[]
[]
[]
'71.0', '6.0', '2.0', '107.0', '7.0'
'2.0', '1.0', '68.0', '195.0'
'5.0', '2.0', '122.0', '6.0', '4.0', '30.0', '1164.0 11123.456319', '1164.0'
'220.0', '6.0', '5.0'
'2.0', '1377.0', '733.0', '23.0', '1.0'
'32.0', '24.0', '100.0', '1.0', '303.0', '27.0', '2.0'
'5.0', '92.0', '202.0', '12.0', '1.0'
'44.0', '20.0', '1.0', '223.0', '21.0', '205.0'
'2.0', '87.0', '8.0'
'24.0', '2.0', '7.0', '291.0', '240.0 11170.530995'
'2383.0', '85.0', '152.0', '26.0', '7.0', '40.0', '329.0'
'11.0', '52.0', '8.0', '4.0', '2479.0', '117.0', '7.0'
'34.0', '183.0', '2127.0', '7.0', '89.0', '34.0 11204.642248'
'11.0', '60.0', '91.0', '2.0', '222.0'
'166.0', '1132.0', '112.0'
[]
[]
'13.0',
[]
'422.0',
'2.0', '1.0', '40.0', '15.0', '40.0 11289.183979', '231.0', '22.0'
'1.0', '43.0', '6.0', '1868.0'
'1.0', '93.0', '5.0', '16.0', '12.0'
'24.0', '1.0', '26.0', '100.0'
'636.0', '55.0', '156.0'
'22.0',
'7.0', '297.0', '29.0'
'1.0',
[]
[]
[]
[]
[]
'48.0',
[]
[]
[]
[]
'18.0',
'41.0', '171.0', '67.0', '56.0', '208.0'
'52.0', '124.0', '12.0'
'36.0', '5.0', '169.0', '11.0'
'516.0', '71.0', '4.0', '282.0'
'1460.0', '622.0', '1.0'
'6.0', '1.0'
'17.0', '2.0', '154.0'
'224.0',
[]
'36.0', '454.0', '82.0'
[]
[]
[]
[]
[]
[]
'6.0',
[]
'9.0', '65.0', '2.0', '44.0', '1.0'
'1.0', '22.0', '10.0', '670.0', '718.0'
'1.0', '13.0', '4.0', '271.0', '1534.0', '73.0', '2.0'
'1.0', '15.0', '2.0', '752.0', '112.0', '109.0', '587.0', '53.0', '3.0', '19.0', '125.0'
'14.0', '37.0', '2.0', '61.0', '7.0', '454.0', '1.0'
'19.0', '13.0', '65.0', '1.0', '36.0', '498.0', '35.0', '1667.0', '12.0'
'3.0', '1.0', '463.0', '236.0', '29.0', '210.0', '10.0', '17.0', '13.0', '562.0', '19.0', '6.0', '33.0', '28.0', '223.0', '142.0', '865.0', '817.0', '68.0', '407.0', '18.0', '94.0', '72.0', '538.0', '45.0', '42.0', '249.0 11674.745569', '195.0', '159.0', '11.0'
'3.0',
'246.0',
'1214.0',
'1.0',
'2.0',
'2.0',
'101.0',
[]
[]
[]
[]
[]
'47.0', '4.0'
'10.0', '36.0', '904.0'
'4.0', '61.0', '1.0'
'503.0',
'1488.0',
'2.0',
'2.0', '65.0', '16.0', '14.0', '28.0', '113.0'
'21.0', '10.0', '4.0', '348.0', '111.0', '108.0', '1.0'
'115.0',
'142.0',
'16.0', '2.0'
'1.0',
[]
'150.0',
'379.0',
[]
[]
'3.0',
[]
'21.0', '106.0', '8.0', '33.0'
'96.0', '140.0', '2550.0', '30.0', '154.0'
'18.0', '149.0', '308.0'
'21.0', '1.0', '646.0', '2.0'
'5.0', '442.0'
'1.0', '83.0', '729.0'
'49.0', '32.0', '16.0', '61.0', '54.0', '1.0'
'73.0', '3.0', '4.0'
'32.0', '4.0', '75.0', '210.0', '210.0 12015.084506'
[]
'90.0',
'1.0',
'478.0', '593.0', '4.0', '3.0'
'41.0',
'194.0', '669.0'
[]
'101.0',
[]
[]
'1.0', '9.0', '39.0'
'1.0', '14.0'
'52.0', '84.0', '21.0'
'156.0', '35.0', '3387.0'
'154.0', '13.0', '11.0', '114.0'
'22.0', '105.0'
'1.0', '79.0', '8.0'
'13.0', '1.0', '5.0', '1327.0', '24.0', '40.0', '276.0', '2.0', '5.0 12175.910606', '3.0', '229.0', '1327.0 12175.91312', '13.0 12175.938487', '13.0 12175.905558', '13.0 12175.716264', '1.0 12175.906358', '1.0 12175.713797'
'1.0', '32.0', '2.0', '1.0 12192.241442', '1.0 12192.230796', '1.0 12192.217255', '1.0 12191.517711'
'39.0', '5.0', '38.0', '1728.0', '1.0', '39.0 12205.41654', '39.0 12205.413699', '39.0 12204.192561'
'1.0', '36.0', '1.0 12221.968487', '1.0 12221.957347', '1.0 12221.951658', '1.0 12221.936311', '1.0 12221.905638', '1.0 12221.680761', '1.0 12221.669618', '1.0 12221.602751', '1.0 12221.589378', '1.0 12221.584373'
'378.0', '78.0', '63.0'
'1.0', '56.0', '603.0', '56.0 12248.410336', '56.0 12248.37566', '399.0', '1.0 12248.38691'
'3.0', '3.0 12268.389788'
'2.0', '116.0'
[]
[]
[]
[]
'11.0', '2.0', '246.0', '91.0', '86.0', '5.0', '122.0'
'7.0', '622.0', '12.0', '446.0', '217.0', '2.0'
'2.0', '15.0', '1.0', '88.0', '5.0'
'1.0', '2.0', '247.0', '258.0', '43.0', '172.0', '490.0', '17.0', '98.0', '28.0', '72.0', '445.0'
'4.0', '9.0', '197.0', '3.0'
'2.0', '35.0', '81.0', '488.0', '48.0', '24.0', '1138.0', '111.0', '7.0', '41.0', '1117.0'
'2.0', '3.0', '40.0', '15.0', '28.0', '16.0', '6.0', '23.0', '7.0', '61.0', '58.0', '49.0', '198.0', '445.0', '1937.0', '1.0'
'46.0', '4.0', '7.0', '36.0', '1.0'
'84.0', '2.0'
'8.0',
'12.0', '1.0', '261.0'
'1.0', '3.0'
'1.0', '27.0'
[]
'3.0',
[]
'2823.0',
[]
[]
'8.0', '857.0', '4.0'
'418.0', '203.0', '5.0', '454.0', '2.0'
'45.0', '2.0', '5.0', '370.0'
'86.0', '1.0', '6.0', '3.0', '29.0'
'7.0', '619.0', '28.0', '10.0', '19.0', '1.0'
'68.0', '3.0', '1146.0'
'51.0', '2.0', '1.0', '37.0', '3.0', '26.0', '17.0'
'9.0', '8.0', '120.0'
'1.0',
[]
'35.0', '80.0', '56.0', '7.0'
'23.0',
[]
'2.0',
[]
[]
[]
[]
'4.0',
'64.0', '4.0', '784.0', '120.0', '100.0'
'492.0', '4.0', '1.0'
'3.0', '10.0'
'354.0', '36.0', '130.0', '313.0', '17.0'
'7.0', '43.0', '75.0', '252.0 12688.485377', '252.0'
'6.0', '46.0'
'261.0', '4.0', '17.0', '763.0', '6.0', '36.0'
[]
[]
'54.0', '45.0'
'3.0', '1.0'
[]
[]
'10.0',
[]
[]
'45.0',
[]
[]
'379.0', '31.0', '3.0', '1697.0', '13.0'
'355.0', '327.0', '30.0'
'21.0', '134.0', '85.0', '2.0', '10.0'
'5.0', '2.0'
'1158.0', '235.0', '131.0', '1.0', '35.0', '834.0'
'152.0', '571.0', '223.0'
'18.0', '20.0', '1.0', '78.0', '64.0', '5.0', '453.0', '44.0', '9.0', '88.0', '845.0', '8.0', '329.0', '22.0', '20.0 12870.736401'
'3.0',
'1.0', '55.0', '73.0', '263.0', '396.0', '349.0', '55.0 12894.089928', '263.0 12894.089294', '1.0 12894.093541'
'20.0', '243.0', '1.0', '7.0', '20.0 12905.175514', '20.0 12905.746531'
'56.0', '11.0', '360.0', '1.0', '73.0', '999.0', '60.0', '82.0', '3.0', '12.0', '40.0', '380.0', '57.0', '468.0', '360.0 12915.647541', '232.0', '360.0 12916.353963', '11.0 12916.244004', '11.0 12916.113827'
'4.0', '120.0', '9.0', '214.0', '39.0', '1.0', '870.0', '499.0', '4.0 12928.827051'
'36.0', '94.0', '100.0', '377.0', '2.0', '6.0', '36.0 12943.044586', '36.0 12943.041488', '1.0', '36.0 12942.773616'
'668.0', '54.0', '1.0', '11.0', '7.0', '28.0'
'51.0', '1.0', '9.0'
[]
[]
[]
[]
'32.0', '159.0', '15.0'
'60.0', '70.0', '4.0', '15.0', '2.0'
'11.0', '581.0', '854.0', '84.0'
'76.0', '38.0', '371.0', '64.0', '5.0', '184.0', '129.0'
'116.0', '1.0', '786.0', '654.0', '3.0', '13.0'
'1.0', '280.0', '91.0', '6.0', '3.0', '136.0', '11.0'
'2.0', '784.0', '3.0', '21.0', '780.0', '62.0', '478.0', '22.0', '19.0', '150.0', '132.0'
'15.0', '64.0'
'5.0', '14.0', '560.0', '21.0', '2.0', '520.0', '14.0 13070.589466', '1.0'
'808.0', '61.0', '1.0', '6.0', '2.0', '51.0'
'248.0',
'55.0', '4.0', '2.0', '1.0', '667.0', '3.0', '42.0', '180.0'
'6.0', '39.0', '1.0', '2.0', '21.0', '11.0', '6.0 13112.647557'
'2.0', '61.0', '52.0', '3.0', '61.0 13124.348471', '52.0 13124.352252', '3.0 13124.355804', '2.0 13124.348915', '2.0 13124.233258'
'443.0', '1.0', '458.0', '443.0 13135.552126'
'18.0', '8.0', '4.0'
[]
[]
'873.0',
'113.0', '162.0', '14.0'
'270.0', '211.0', '1.0', '791.0', '25.0', '2.0'
'1.0', '26.0', '339.0'
'92.0', '13.0', '24.0', '22.0', '130.0', '1.0'
'14.0', '11.0', '90.0', '5.0', '2.0', '390.0'
'1.0', '9.0'
'1.0', '681.0', '6.0', '106.0', '45.0', '23.0', '2.0', '13.0'
'251.0', '317.0', '11.0'
'781.0', '50.0'
'10.0', '2.0', '1743.0'
'564.0', '35.0', '16.0'
